-41,7,saUT/DPN6JQAE4DPiynjJvZAstw=,hvhzlpV4aKuHA/E2MDaTKGq7Vug=
-40,7,saUT/DPN6JQAE4DPiynjJvZAstw=,mMpwxPVe+5AB775EIP0qDcoZLTk=
-41,8,saUT/DPN6JQAE4DPiynjJvZAstw=,wNTHZ/hP8XfjipAYjeSje0cmVLc=
-40,8,saUT/DPN6JQAE4DPiynjJvZAstw=,FcQdZho3k/+sHM9HOZXPFQScGhk=
-42,9,saUT/DPN6JQAE4DPiynjJvZAstw=,wNTHZ/hP8XfjipAYjeSje0cmVLc=
-42,7,saUT/DPN6JQAE4DPiynjJvZAstw=,hvhzlpV4aKuHA/E2MDaTKGq7Vug=
-43,10,saUT/DPN6JQAE4DPiynjJvZAstw=,yh996mq+JxvyZpBV46h8kXBt9IA=
-43,7,saUT/DPN6JQAE4DPiynjJvZAstw=,FG1RkR3tnN7mZ6M1Tt6rF6SgI64=
-43,9,saUT/DPN6JQAE4DPiynjJvZAstw=,gd9TecN4xdsGuSa0EMSQmTq4Dp4=
-43,8,saUT/DPN6JQAE4DPiynjJvZAstw=,gd9TecN4xdsGuSa0EMSQmTq4Dp4=
-42,10,saUT/DPN6JQAE4DPiynjJvZAstw=,WPjfCOXc7EvVYDOAMUw/XvDaGd4=
-42,8,saUT/DPN6JQAE4DPiynjJvZAstw=,wNTHZ/hP8XfjipAYjeSje0cmVLc=
-45,10,saUT/DPN6JQAE4DPiynjJvZAstw=,z2/GzDUuaOYPR20UIbvZuwQ9Pu8=
-45,9,saUT/DPN6JQAE4DPiynjJvZAstw=,Zu2bD5gmXEjcPNSq13cv3PABwf0=
-44,7,saUT/DPN6JQAE4DPiynjJvZAstw=,FG1RkR3tnN7mZ6M1Tt6rF6SgI64=
-45,8,saUT/DPN6JQAE4DPiynjJvZAstw=,Zu2bD5gmXEjcPNSq13cv3PABwf0=
-44,10,saUT/DPN6JQAE4DPiynjJvZAstw=,yh996mq+JxvyZpBV46h8kXBt9IA=
-45,7,saUT/DPN6JQAE4DPiynjJvZAstw=,J9FsyxkyCtaqySDhKKBbFsHwbM0=
-46,11,saUT/DPN6JQAE4DPiynjJvZAstw=,z2/GzDUuaOYPR20UIbvZuwQ9Pu8=
-47,11,saUT/DPN6JQAE4DPiynjJvZAstw=,Y4QR7zt+GK1l7W0b6+1GeZQ7CGg=
-44,11,saUT/DPN6JQAE4DPiynjJvZAstw=,yh996mq+JxvyZpBV46h8kXBt9IA=
-45,11,saUT/DPN6JQAE4DPiynjJvZAstw=,z2/GzDUuaOYPR20UIbvZuwQ9Pu8=
-44,9,saUT/DPN6JQAE4DPiynjJvZAstw=,gd9TecN4xdsGuSa0EMSQmTq4Dp4=
-44,8,saUT/DPN6JQAE4DPiynjJvZAstw=,gd9TecN4xdsGuSa0EMSQmTq4Dp4=
-48,11,saUT/DPN6JQAE4DPiynjJvZAstw=,Y4QR7zt+GK1l7W0b6+1GeZQ7CGg=
-47,7,saUT/DPN6JQAE4DPiynjJvZAstw=,K/GfjLBHc+Je5+36oMwqLxSHk3Q=
-48,10,saUT/DPN6JQAE4DPiynjJvZAstw=,Y4QR7zt+GK1l7W0b6+1GeZQ7CGg=
-48,7,saUT/DPN6JQAE4DPiynjJvZAstw=,K/GfjLBHc+Je5+36oMwqLxSHk3Q=
-46,7,saUT/DPN6JQAE4DPiynjJvZAstw=,J9FsyxkyCtaqySDhKKBbFsHwbM0=
-46,10,saUT/DPN6JQAE4DPiynjJvZAstw=,z2/GzDUuaOYPR20UIbvZuwQ9Pu8=
-47,10,saUT/DPN6JQAE4DPiynjJvZAstw=,Y4QR7zt+GK1l7W0b6+1GeZQ7CGg=
-47,9,saUT/DPN6JQAE4DPiynjJvZAstw=,U17gge2h04xtwMJjOtalMBhRftk=
-46,9,saUT/DPN6JQAE4DPiynjJvZAstw=,Zu2bD5gmXEjcPNSq13cv3PABwf0=
-48,9,saUT/DPN6JQAE4DPiynjJvZAstw=,U17gge2h04xtwMJjOtalMBhRftk=
-48,8,saUT/DPN6JQAE4DPiynjJvZAstw=,U17gge2h04xtwMJjOtalMBhRftk=
-46,8,saUT/DPN6JQAE4DPiynjJvZAstw=,Zu2bD5gmXEjcPNSq13cv3PABwf0=
-47,8,saUT/DPN6JQAE4DPiynjJvZAstw=,U17gge2h04xtwMJjOtalMBhRftk=
-34,2,sN5XlT1WCQCVYOLSMKLwgCcR15o=,+itSpQpcC56m1v0/QBHLCvQSDf0=
-35,2,sN5XlT1WCQCVYOLSMKLwgCcR15o=,XietzdmNMaFqPKZSFZUfdJ9XwpI=
-34,1,sN5XlT1WCQCVYOLSMKLwgCcR15o=,JNwyfiWZCo9WYdkD1hxcZYOj3oM=
-35,1,sN5XlT1WCQCVYOLSMKLwgCcR15o=,qhdSpX/nHhoml0Iiy39Pm2hOdTA=
-35,3,sN5XlT1WCQCVYOLSMKLwgCcR15o=,XietzdmNMaFqPKZSFZUfdJ9XwpI=
-35,4,sN5XlT1WCQCVYOLSMKLwgCcR15o=,RmwZwIh/SBKsBZbALWk9XGPyUes=
-34,3,sN5XlT1WCQCVYOLSMKLwgCcR15o=,+itSpQpcC56m1v0/QBHLCvQSDf0=
-34,4,sN5XlT1WCQCVYOLSMKLwgCcR15o=,8/pQx2igpzEB54YEFZ989k/YPWc=
-40,6,sN5XlT1WCQCVYOLSMKLwgCcR15o=,mMpwxPVe+5AB775EIP0qDcoZLTk=
-40,2,sN5XlT1WCQCVYOLSMKLwgCcR15o=,wz1xaAn13U8Tx98WlazpBrKw0Mk=
-40,1,sN5XlT1WCQCVYOLSMKLwgCcR15o=,7XEAabQKoPO91K9rjOEdrMnmBpg=
-39,3,sN5XlT1WCQCVYOLSMKLwgCcR15o=,wz1xaAn13U8Tx98WlazpBrKw0Mk=
-40,5,sN5XlT1WCQCVYOLSMKLwgCcR15o=,j/nvDi1Ys4fISvZC5Nf9YV+aSlw=
-40,4,sN5XlT1WCQCVYOLSMKLwgCcR15o=,j/nvDi1Ys4fISvZC5Nf9YV+aSlw=
-40,3,sN5XlT1WCQCVYOLSMKLwgCcR15o=,wz1xaAn13U8Tx98WlazpBrKw0Mk=
-39,4,sN5XlT1WCQCVYOLSMKLwgCcR15o=,j/nvDi1Ys4fISvZC5Nf9YV+aSlw=
-41,6,sN5XlT1WCQCVYOLSMKLwgCcR15o=,hvhzlpV4aKuHA/E2MDaTKGq7Vug=
-36,3,sN5XlT1WCQCVYOLSMKLwgCcR15o=,XietzdmNMaFqPKZSFZUfdJ9XwpI=
-36,4,sN5XlT1WCQCVYOLSMKLwgCcR15o=,RmwZwIh/SBKsBZbALWk9XGPyUes=
-37,4,sN5XlT1WCQCVYOLSMKLwgCcR15o=,+OeXXr7IoTh7SLcZEke/2HdotAc=
-38,4,sN5XlT1WCQCVYOLSMKLwgCcR15o=,+OeXXr7IoTh7SLcZEke/2HdotAc=
-38,3,sN5XlT1WCQCVYOLSMKLwgCcR15o=,Gh8fXthGt9w7PWJvHpwl9OXlqi4=
-37,3,sN5XlT1WCQCVYOLSMKLwgCcR15o=,Gh8fXthGt9w7PWJvHpwl9OXlqi4=
-34,0,sN5XlT1WCQCVYOLSMKLwgCcR15o=,JNwyfiWZCo9WYdkD1hxcZYOj3oM=
-35,0,sN5XlT1WCQCVYOLSMKLwgCcR15o=,qhdSpX/nHhoml0Iiy39Pm2hOdTA=
-46,6,sN5XlT1WCQCVYOLSMKLwgCcR15o=,J9FsyxkyCtaqySDhKKBbFsHwbM0=
-42,6,sN5XlT1WCQCVYOLSMKLwgCcR15o=,hvhzlpV4aKuHA/E2MDaTKGq7Vug=
-47,6,sN5XlT1WCQCVYOLSMKLwgCcR15o=,K/GfjLBHc+Je5+36oMwqLxSHk3Q=
-43,6,sN5XlT1WCQCVYOLSMKLwgCcR15o=,FG1RkR3tnN7mZ6M1Tt6rF6SgI64=
-45,6,sN5XlT1WCQCVYOLSMKLwgCcR15o=,J9FsyxkyCtaqySDhKKBbFsHwbM0=
-44,6,sN5XlT1WCQCVYOLSMKLwgCcR15o=,FG1RkR3tnN7mZ6M1Tt6rF6SgI64=
-48,6,sN5XlT1WCQCVYOLSMKLwgCcR15o=,K/GfjLBHc+Je5+36oMwqLxSHk3Q=
-33,5,sN5XlT1WCQCVYOLSMKLwgCcR15o=,8/pQx2igpzEB54YEFZ989k/YPWc=
-35,5,sN5XlT1WCQCVYOLSMKLwgCcR15o=,RmwZwIh/SBKsBZbALWk9XGPyUes=
-34,5,sN5XlT1WCQCVYOLSMKLwgCcR15o=,8/pQx2igpzEB54YEFZ989k/YPWc=
-42,11,sN5XlT1WCQCVYOLSMKLwgCcR15o=,WPjfCOXc7EvVYDOAMUw/XvDaGd4=
-43,11,sN5XlT1WCQCVYOLSMKLwgCcR15o=,yh996mq+JxvyZpBV46h8kXBt9IA=
-33,6,sN5XlT1WCQCVYOLSMKLwgCcR15o=,mtsr0FRPj5IU2dDPAWTGHxcsmNU=
-34,6,sN5XlT1WCQCVYOLSMKLwgCcR15o=,mtsr0FRPj5IU2dDPAWTGHxcsmNU=
-40,10,sN5XlT1WCQCVYOLSMKLwgCcR15o=,FrlH70hyR9hUiRTmJTcR6GI9f5U=
-41,10,sN5XlT1WCQCVYOLSMKLwgCcR15o=,WPjfCOXc7EvVYDOAMUw/XvDaGd4=
-41,9,sN5XlT1WCQCVYOLSMKLwgCcR15o=,wNTHZ/hP8XfjipAYjeSje0cmVLc=
-40,9,sN5XlT1WCQCVYOLSMKLwgCcR15o=,FcQdZho3k/+sHM9HOZXPFQScGhk=
-33,0,sN5XlT1WCQCVYOLSMKLwgCcR15o=,JNwyfiWZCo9WYdkD1hxcZYOj3oM=
-33,3,sN5XlT1WCQCVYOLSMKLwgCcR15o=,+itSpQpcC56m1v0/QBHLCvQSDf0=
-33,4,sN5XlT1WCQCVYOLSMKLwgCcR15o=,8/pQx2igpzEB54YEFZ989k/YPWc=
-38,11,sN5XlT1WCQCVYOLSMKLwgCcR15o=,en9Vb8vYoQ/+UK96qJW49H3pLho=
-39,11,sN5XlT1WCQCVYOLSMKLwgCcR15o=,FrlH70hyR9hUiRTmJTcR6GI9f5U=
-40,11,sN5XlT1WCQCVYOLSMKLwgCcR15o=,FrlH70hyR9hUiRTmJTcR6GI9f5U=
-41,11,sN5XlT1WCQCVYOLSMKLwgCcR15o=,WPjfCOXc7EvVYDOAMUw/XvDaGd4=
-40,0,sN5XlT1WCQCVYOLSMKLwgCcR15o=,7XEAabQKoPO91K9rjOEdrMnmBpg=
-37,11,sN5XlT1WCQCVYOLSMKLwgCcR15o=,en9Vb8vYoQ/+UK96qJW49H3pLho=
-37,9,sN5XlT1WCQCVYOLSMKLwgCcR15o=,SVUp/udAgFh/ZxyVux5GM5HiQyM=
-36,2,sN5XlT1WCQCVYOLSMKLwgCcR15o=,XietzdmNMaFqPKZSFZUfdJ9XwpI=
-39,9,sN5XlT1WCQCVYOLSMKLwgCcR15o=,FcQdZho3k/+sHM9HOZXPFQScGhk=
-39,10,sN5XlT1WCQCVYOLSMKLwgCcR15o=,FrlH70hyR9hUiRTmJTcR6GI9f5U=
-38,10,sN5XlT1WCQCVYOLSMKLwgCcR15o=,en9Vb8vYoQ/+UK96qJW49H3pLho=
-37,10,sN5XlT1WCQCVYOLSMKLwgCcR15o=,en9Vb8vYoQ/+UK96qJW49H3pLho=
-38,9,sN5XlT1WCQCVYOLSMKLwgCcR15o=,SVUp/udAgFh/ZxyVux5GM5HiQyM=
-39,0,sN5XlT1WCQCVYOLSMKLwgCcR15o=,7XEAabQKoPO91K9rjOEdrMnmBpg=
-39,1,sN5XlT1WCQCVYOLSMKLwgCcR15o=,7XEAabQKoPO91K9rjOEdrMnmBpg=
-39,2,sN5XlT1WCQCVYOLSMKLwgCcR15o=,wz1xaAn13U8Tx98WlazpBrKw0Mk=
-38,0,sN5XlT1WCQCVYOLSMKLwgCcR15o=,4WNMvQU6ci6ziOrYkSZvfw+oxsQ=
-37,0,sN5XlT1WCQCVYOLSMKLwgCcR15o=,4WNMvQU6ci6ziOrYkSZvfw+oxsQ=
-36,1,sN5XlT1WCQCVYOLSMKLwgCcR15o=,qhdSpX/nHhoml0Iiy39Pm2hOdTA=
-36,0,sN5XlT1WCQCVYOLSMKLwgCcR15o=,qhdSpX/nHhoml0Iiy39Pm2hOdTA=
-38,2,sN5XlT1WCQCVYOLSMKLwgCcR15o=,Gh8fXthGt9w7PWJvHpwl9OXlqi4=
-33,1,sN5XlT1WCQCVYOLSMKLwgCcR15o=,JNwyfiWZCo9WYdkD1hxcZYOj3oM=
-38,1,sN5XlT1WCQCVYOLSMKLwgCcR15o=,4WNMvQU6ci6ziOrYkSZvfw+oxsQ=
-37,2,sN5XlT1WCQCVYOLSMKLwgCcR15o=,Gh8fXthGt9w7PWJvHpwl9OXlqi4=
-33,2,sN5XlT1WCQCVYOLSMKLwgCcR15o=,+itSpQpcC56m1v0/QBHLCvQSDf0=
-38,8,sN5XlT1WCQCVYOLSMKLwgCcR15o=,SVUp/udAgFh/ZxyVux5GM5HiQyM=
-37,8,sN5XlT1WCQCVYOLSMKLwgCcR15o=,SVUp/udAgFh/ZxyVux5GM5HiQyM=
-37,6,sN5XlT1WCQCVYOLSMKLwgCcR15o=,ppVTrinc6SNo+wspNcD0aZsEV6I=
-38,7,sN5XlT1WCQCVYOLSMKLwgCcR15o=,ppVTrinc6SNo+wspNcD0aZsEV6I=
-37,7,sN5XlT1WCQCVYOLSMKLwgCcR15o=,ppVTrinc6SNo+wspNcD0aZsEV6I=
-38,6,sN5XlT1WCQCVYOLSMKLwgCcR15o=,ppVTrinc6SNo+wspNcD0aZsEV6I=
-37,5,sN5XlT1WCQCVYOLSMKLwgCcR15o=,+OeXXr7IoTh7SLcZEke/2HdotAc=
-36,5,sN5XlT1WCQCVYOLSMKLwgCcR15o=,RmwZwIh/SBKsBZbALWk9XGPyUes=
-39,5,sN5XlT1WCQCVYOLSMKLwgCcR15o=,j/nvDi1Ys4fISvZC5Nf9YV+aSlw=
-38,5,sN5XlT1WCQCVYOLSMKLwgCcR15o=,+OeXXr7IoTh7SLcZEke/2HdotAc=
-39,6,sN5XlT1WCQCVYOLSMKLwgCcR15o=,mMpwxPVe+5AB775EIP0qDcoZLTk=
-37,1,sN5XlT1WCQCVYOLSMKLwgCcR15o=,4WNMvQU6ci6ziOrYkSZvfw+oxsQ=
-39,8,sN5XlT1WCQCVYOLSMKLwgCcR15o=,FcQdZho3k/+sHM9HOZXPFQScGhk=
-39,7,sN5XlT1WCQCVYOLSMKLwgCcR15o=,mMpwxPVe+5AB775EIP0qDcoZLTk=
-53,6,+IfuB8h1fHC1uwpEd062d+709MM=,rzHO3oWezW4GHCelTuLx4hpNmDw=
-52,6,+IfuB8h1fHC1uwpEd062d+709MM=,g/tSU/+260/QpL61yPwpf2fkjtI=
-53,5,+IfuB8h1fHC1uwpEd062d+709MM=,CgBrCX6WksWl6LQRXWJAj3ZUJWQ=
-52,5,+IfuB8h1fHC1uwpEd062d+709MM=,7RNdUNbCOt5+FGt+894kRb96M6Y=
-52,8,+IfuB8h1fHC1uwpEd062d+709MM=,JIZPo7LPYYKTtk8cUYAwTE7GZUI=
-53,7,+IfuB8h1fHC1uwpEd062d+709MM=,rzHO3oWezW4GHCelTuLx4hpNmDw=
-53,8,+IfuB8h1fHC1uwpEd062d+709MM=,O/Wog12gvxKF2BF2xyBrhT5jacg=
-50,6,+IfuB8h1fHC1uwpEd062d+709MM=,Y38ovCZo2DOr6C6IeUdtfNEOlzY=
-50,5,+IfuB8h1fHC1uwpEd062d+709MM=,TaSE1Nmru3Sg8BJwpEuxkqY5pPM=
-52,7,+IfuB8h1fHC1uwpEd062d+709MM=,g/tSU/+260/QpL61yPwpf2fkjtI=
-51,5,dZTeh9x8RRW1fCz16QNTq4JfM2o=,7RNdUNbCOt5+FGt+894kRb96M6Y=
-51,6,dZTeh9x8RRW1fCz16QNTq4JfM2o=,g/tSU/+260/QpL61yPwpf2fkjtI=
-52,9,dZTeh9x8RRW1fCz16QNTq4JfM2o=,JIZPo7LPYYKTtk8cUYAwTE7GZUI=
-53,9,dZTeh9x8RRW1fCz16QNTq4JfM2o=,O/Wog12gvxKF2BF2xyBrhT5jacg=
-52,10,dZTeh9x8RRW1fCz16QNTq4JfM2o=,Hbj96X1TFbJupcVpO2rXuEIvvCU=
-53,10,dZTeh9x8RRW1fCz16QNTq4JfM2o=,8+WRFy2uoEnqCIUNjSmSx4DAMQA=
-50,10,dZTeh9x8RRW1fCz16QNTq4JfM2o=,MLPLknSdm2DiNjaH4SOGLUJnhng=
-51,10,dZTeh9x8RRW1fCz16QNTq4JfM2o=,Hbj96X1TFbJupcVpO2rXuEIvvCU=
-51,9,dZTeh9x8RRW1fCz16QNTq4JfM2o=,JIZPo7LPYYKTtk8cUYAwTE7GZUI=
-50,7,dZTeh9x8RRW1fCz16QNTq4JfM2o=,Y38ovCZo2DOr6C6IeUdtfNEOlzY=
-50,9,dZTeh9x8RRW1fCz16QNTq4JfM2o=,qswLCpuT5ZeSKKaRDh7tCQBG/oU=
-51,8,dZTeh9x8RRW1fCz16QNTq4JfM2o=,JIZPo7LPYYKTtk8cUYAwTE7GZUI=
-51,7,dZTeh9x8RRW1fCz16QNTq4JfM2o=,g/tSU/+260/QpL61yPwpf2fkjtI=
-50,8,dZTeh9x8RRW1fCz16QNTq4JfM2o=,qswLCpuT5ZeSKKaRDh7tCQBG/oU=
-57,12,dZTeh9x8RRW1fCz16QNTq4JfM2o=,8JWZryWBKL61vtTVUyzXL4OvOI4=
-57,11,dZTeh9x8RRW1fCz16QNTq4JfM2o=,2BRxNiszQeMznANgUcKoDk6PRRk=
-56,12,dZTeh9x8RRW1fCz16QNTq4JfM2o=,pmKxWe/fv0fFJ/SWfxqDidLecXs=
-56,11,dZTeh9x8RRW1fCz16QNTq4JfM2o=,rej1VMIJ7tNzLIRBY9iRSdSiCQU=
-54,9,dZTeh9x8RRW1fCz16QNTq4JfM2o=,O/Wog12gvxKF2BF2xyBrhT5jacg=
-57,9,dZTeh9x8RRW1fCz16QNTq4JfM2o=,YF72szWK+SX7Wxp4WbOMeNZDQjk=
-54,10,dZTeh9x8RRW1fCz16QNTq4JfM2o=,8+WRFy2uoEnqCIUNjSmSx4DAMQA=
-55,9,dZTeh9x8RRW1fCz16QNTq4JfM2o=,gXRjURfyen06AlmnBPs/UeppxWE=
-56,9,dZTeh9x8RRW1fCz16QNTq4JfM2o=,gXRjURfyen06AlmnBPs/UeppxWE=
-57,10,dZTeh9x8RRW1fCz16QNTq4JfM2o=,2BRxNiszQeMznANgUcKoDk6PRRk=
-56,10,dZTeh9x8RRW1fCz16QNTq4JfM2o=,rej1VMIJ7tNzLIRBY9iRSdSiCQU=
-55,10,dZTeh9x8RRW1fCz16QNTq4JfM2o=,rej1VMIJ7tNzLIRBY9iRSdSiCQU=
-59,10,aSpWvx8kXhP1yF6N8vlt3E18jrI=,DqpKeskMHCyr8BdjnYmifiI79ig=
-58,9,aSpWvx8kXhP1yF6N8vlt3E18jrI=,YF72szWK+SX7Wxp4WbOMeNZDQjk=
-59,9,aSpWvx8kXhP1yF6N8vlt3E18jrI=,OMlS1i/IU5Ac7L9n0YN5mJoqhDA=
-58,10,aSpWvx8kXhP1yF6N8vlt3E18jrI=,2BRxNiszQeMznANgUcKoDk6PRRk=
-58,7,aSpWvx8kXhP1yF6N8vlt3E18jrI=,6U+69igooifqweK7fyvVj2BaP68=
-58,8,aSpWvx8kXhP1yF6N8vlt3E18jrI=,YF72szWK+SX7Wxp4WbOMeNZDQjk=
-59,8,aSpWvx8kXhP1yF6N8vlt3E18jrI=,OMlS1i/IU5Ac7L9n0YN5mJoqhDA=
-59,7,aSpWvx8kXhP1yF6N8vlt3E18jrI=,NL03PKGB5OrRWvyTWx0V9V1G2mM=
-61,7,aSpWvx8kXhP1yF6N8vlt3E18jrI=,unPncgbp8W8rGUAJfMj2QFAZSYw=
-60,8,aSpWvx8kXhP1yF6N8vlt3E18jrI=,OMlS1i/IU5Ac7L9n0YN5mJoqhDA=
-61,8,aSpWvx8kXhP1yF6N8vlt3E18jrI=,Qc1cr74q/hibiPvx4fwZfsoQ1zY=
-60,7,aSpWvx8kXhP1yF6N8vlt3E18jrI=,NL03PKGB5OrRWvyTWx0V9V1G2mM=
-61,6,aSpWvx8kXhP1yF6N8vlt3E18jrI=,unPncgbp8W8rGUAJfMj2QFAZSYw=
-61,5,aSpWvx8kXhP1yF6N8vlt3E18jrI=,gLiSmCxMU2kgdQSLJxjBnrWT1js=
-60,5,aSpWvx8kXhP1yF6N8vlt3E18jrI=,zgfW3wChmYEEPDCSw4rVCj6j2MY=
-58,5,aSpWvx8kXhP1yF6N8vlt3E18jrI=,EY0TPupBttzYR97ViuGdBihRu9I=
-60,6,aSpWvx8kXhP1yF6N8vlt3E18jrI=,NL03PKGB5OrRWvyTWx0V9V1G2mM=
-58,6,aSpWvx8kXhP1yF6N8vlt3E18jrI=,6U+69igooifqweK7fyvVj2BaP68=
-59,5,aSpWvx8kXhP1yF6N8vlt3E18jrI=,zgfW3wChmYEEPDCSw4rVCj6j2MY=
-59,6,aSpWvx8kXhP1yF6N8vlt3E18jrI=,NL03PKGB5OrRWvyTWx0V9V1G2mM=
-58,4,aSpWvx8kXhP1yF6N8vlt3E18jrI=,EY0TPupBttzYR97ViuGdBihRu9I=
-58,3,aSpWvx8kXhP1yF6N8vlt3E18jrI=,AV7IVFr6eW9mab/gQxN5Xtxsmq0=
-59,3,aSpWvx8kXhP1yF6N8vlt3E18jrI=,aLPM+mzAWWg4Feas45puQz4EZJM=
-59,4,aSpWvx8kXhP1yF6N8vlt3E18jrI=,zgfW3wChmYEEPDCSw4rVCj6j2MY=
-61,2,aSpWvx8kXhP1yF6N8vlt3E18jrI=,FesbceJGdeXZFGz34oQPDQ3F//E=
-61,3,aSpWvx8kXhP1yF6N8vlt3E18jrI=,FesbceJGdeXZFGz34oQPDQ3F//E=
-61,4,aSpWvx8kXhP1yF6N8vlt3E18jrI=,gLiSmCxMU2kgdQSLJxjBnrWT1js=
-61,1,aSpWvx8kXhP1yF6N8vlt3E18jrI=,ljP1h2N6B/UqdowXv/3/KcniDM0=
-60,1,aSpWvx8kXhP1yF6N8vlt3E18jrI=,OPlk43EFlDBiNXOODuHSbm7RXHE=
-60,2,aSpWvx8kXhP1yF6N8vlt3E18jrI=,aLPM+mzAWWg4Feas45puQz4EZJM=
-60,3,aSpWvx8kXhP1yF6N8vlt3E18jrI=,aLPM+mzAWWg4Feas45puQz4EZJM=
-60,4,aSpWvx8kXhP1yF6N8vlt3E18jrI=,zgfW3wChmYEEPDCSw4rVCj6j2MY=
-58,2,Phlf/1gYcVMQLcEz7oa5Y22hgjw=,AV7IVFr6eW9mab/gQxN5Xtxsmq0=
-59,2,Phlf/1gYcVMQLcEz7oa5Y22hgjw=,aLPM+mzAWWg4Feas45puQz4EZJM=
-59,1,Phlf/1gYcVMQLcEz7oa5Y22hgjw=,OPlk43EFlDBiNXOODuHSbm7RXHE=
-58,1,Phlf/1gYcVMQLcEz7oa5Y22hgjw=,X0w8DUo3i+McQUrMyg/aZ/mKy2Y=
-56,2,Phlf/1gYcVMQLcEz7oa5Y22hgjw=,JZsU44iUax/+4ItYoW8sP9PmCOU=
-57,2,Phlf/1gYcVMQLcEz7oa5Y22hgjw=,AV7IVFr6eW9mab/gQxN5Xtxsmq0=
-62,2,Phlf/1gYcVMQLcEz7oa5Y22hgjw=,FesbceJGdeXZFGz34oQPDQ3F//E=
-54,1,Phlf/1gYcVMQLcEz7oa5Y22hgjw=,ccB6Fp991HAjNsTVcgyuiidCEDA=
-57,1,Phlf/1gYcVMQLcEz7oa5Y22hgjw=,X0w8DUo3i+McQUrMyg/aZ/mKy2Y=
-62,1,Phlf/1gYcVMQLcEz7oa5Y22hgjw=,ljP1h2N6B/UqdowXv/3/KcniDM0=
-52,2,Phlf/1gYcVMQLcEz7oa5Y22hgjw=,6wJu0bLsSVh7L+UHp2fH33Envo0=
-51,1,Phlf/1gYcVMQLcEz7oa5Y22hgjw=,aaKmQMZPHEMYXkUnL0kaJrA/x8o=
-53,1,Phlf/1gYcVMQLcEz7oa5Y22hgjw=,ccB6Fp991HAjNsTVcgyuiidCEDA=
-52,1,Phlf/1gYcVMQLcEz7oa5Y22hgjw=,aaKmQMZPHEMYXkUnL0kaJrA/x8o=
-53,2,Phlf/1gYcVMQLcEz7oa5Y22hgjw=,MJS0GcfFAnN9GlMj1c8JY3zE6H4=
-52,4,Phlf/1gYcVMQLcEz7oa5Y22hgjw=,7RNdUNbCOt5+FGt+894kRb96M6Y=
-53,3,Phlf/1gYcVMQLcEz7oa5Y22hgjw=,MJS0GcfFAnN9GlMj1c8JY3zE6H4=
-51,2,Phlf/1gYcVMQLcEz7oa5Y22hgjw=,6wJu0bLsSVh7L+UHp2fH33Envo0=
-56,1,Phlf/1gYcVMQLcEz7oa5Y22hgjw=,lfFOvvJu4cFzyC8pK/yepyBHB54=
-51,4,Phlf/1gYcVMQLcEz7oa5Y22hgjw=,7RNdUNbCOt5+FGt+894kRb96M6Y=
-50,4,Phlf/1gYcVMQLcEz7oa5Y22hgjw=,TaSE1Nmru3Sg8BJwpEuxkqY5pPM=
-51,3,Phlf/1gYcVMQLcEz7oa5Y22hgjw=,6wJu0bLsSVh7L+UHp2fH33Envo0=
-52,3,Phlf/1gYcVMQLcEz7oa5Y22hgjw=,6wJu0bLsSVh7L+UHp2fH33Envo0=
-54,2,Phlf/1gYcVMQLcEz7oa5Y22hgjw=,MJS0GcfFAnN9GlMj1c8JY3zE6H4=
-55,2,Phlf/1gYcVMQLcEz7oa5Y22hgjw=,JZsU44iUax/+4ItYoW8sP9PmCOU=
-53,4,Phlf/1gYcVMQLcEz7oa5Y22hgjw=,CgBrCX6WksWl6LQRXWJAj3ZUJWQ=
-55,1,Phlf/1gYcVMQLcEz7oa5Y22hgjw=,lfFOvvJu4cFzyC8pK/yepyBHB54=
-49,6,Phlf/1gYcVMQLcEz7oa5Y22hgjw=,Y38ovCZo2DOr6C6IeUdtfNEOlzY=
-49,5,Phlf/1gYcVMQLcEz7oa5Y22hgjw=,TaSE1Nmru3Sg8BJwpEuxkqY5pPM=
-50,11,Phlf/1gYcVMQLcEz7oa5Y22hgjw=,MLPLknSdm2DiNjaH4SOGLUJnhng=
-51,11,Phlf/1gYcVMQLcEz7oa5Y22hgjw=,Hbj96X1TFbJupcVpO2rXuEIvvCU=
-51,12,Phlf/1gYcVMQLcEz7oa5Y22hgjw=,DDGZnYzEH8RZz0fSLdDTWECzFfA=
-54,12,Phlf/1gYcVMQLcEz7oa5Y22hgjw=,pmKxWe/fv0fFJ/SWfxqDidLecXs=
-53,11,Phlf/1gYcVMQLcEz7oa5Y22hgjw=,8+WRFy2uoEnqCIUNjSmSx4DAMQA=
-54,11,Phlf/1gYcVMQLcEz7oa5Y22hgjw=,8+WRFy2uoEnqCIUNjSmSx4DAMQA=
-52,11,Phlf/1gYcVMQLcEz7oa5Y22hgjw=,Hbj96X1TFbJupcVpO2rXuEIvvCU=
-52,12,Phlf/1gYcVMQLcEz7oa5Y22hgjw=,DDGZnYzEH8RZz0fSLdDTWECzFfA=
-53,12,Phlf/1gYcVMQLcEz7oa5Y22hgjw=,pmKxWe/fv0fFJ/SWfxqDidLecXs=
-55,12,Phlf/1gYcVMQLcEz7oa5Y22hgjw=,pmKxWe/fv0fFJ/SWfxqDidLecXs=
-58,12,Phlf/1gYcVMQLcEz7oa5Y22hgjw=,8JWZryWBKL61vtTVUyzXL4OvOI4=
-59,11,Phlf/1gYcVMQLcEz7oa5Y22hgjw=,DqpKeskMHCyr8BdjnYmifiI79ig=
-59,12,Phlf/1gYcVMQLcEz7oa5Y22hgjw=,d385KSlc755y7RM0yWFm9tatZpM=
-58,11,Phlf/1gYcVMQLcEz7oa5Y22hgjw=,2BRxNiszQeMznANgUcKoDk6PRRk=
-60,0,Phlf/1gYcVMQLcEz7oa5Y22hgjw=,OPlk43EFlDBiNXOODuHSbm7RXHE=
-61,0,Phlf/1gYcVMQLcEz7oa5Y22hgjw=,ljP1h2N6B/UqdowXv/3/KcniDM0=
-58,13,Phlf/1gYcVMQLcEz7oa5Y22hgjw=,8JWZryWBKL61vtTVUyzXL4OvOI4=
-59,13,Phlf/1gYcVMQLcEz7oa5Y22hgjw=,d385KSlc755y7RM0yWFm9tatZpM=
-59,14,Phlf/1gYcVMQLcEz7oa5Y22hgjw=,0oV8lD2pc6/xkaX5fDHdFibX9ys=
-55,11,Phlf/1gYcVMQLcEz7oa5Y22hgjw=,rej1VMIJ7tNzLIRBY9iRSdSiCQU=
-49,10,Phlf/1gYcVMQLcEz7oa5Y22hgjw=,MLPLknSdm2DiNjaH4SOGLUJnhng=
-49,7,Phlf/1gYcVMQLcEz7oa5Y22hgjw=,Y38ovCZo2DOr6C6IeUdtfNEOlzY=
-49,9,Phlf/1gYcVMQLcEz7oa5Y22hgjw=,qswLCpuT5ZeSKKaRDh7tCQBG/oU=
-57,4,Phlf/1gYcVMQLcEz7oa5Y22hgjw=,EY0TPupBttzYR97ViuGdBihRu9I=
-56,4,Phlf/1gYcVMQLcEz7oa5Y22hgjw=,YoYBdMRoAxZ6leJqMX1MTzO1J5Y=
-49,8,Phlf/1gYcVMQLcEz7oa5Y22hgjw=,qswLCpuT5ZeSKKaRDh7tCQBG/oU=
-57,3,Phlf/1gYcVMQLcEz7oa5Y22hgjw=,AV7IVFr6eW9mab/gQxN5Xtxsmq0=
-56,3,Phlf/1gYcVMQLcEz7oa5Y22hgjw=,JZsU44iUax/+4ItYoW8sP9PmCOU=
-55,4,Phlf/1gYcVMQLcEz7oa5Y22hgjw=,YoYBdMRoAxZ6leJqMX1MTzO1J5Y=
-55,3,Phlf/1gYcVMQLcEz7oa5Y22hgjw=,JZsU44iUax/+4ItYoW8sP9PmCOU=
-54,4,Phlf/1gYcVMQLcEz7oa5Y22hgjw=,CgBrCX6WksWl6LQRXWJAj3ZUJWQ=
-54,3,Phlf/1gYcVMQLcEz7oa5Y22hgjw=,MJS0GcfFAnN9GlMj1c8JY3zE6H4=
-60,11,Phlf/1gYcVMQLcEz7oa5Y22hgjw=,DqpKeskMHCyr8BdjnYmifiI79ig=
-60,9,Phlf/1gYcVMQLcEz7oa5Y22hgjw=,OMlS1i/IU5Ac7L9n0YN5mJoqhDA=
-60,10,Phlf/1gYcVMQLcEz7oa5Y22hgjw=,DqpKeskMHCyr8BdjnYmifiI79ig=
-61,11,Phlf/1gYcVMQLcEz7oa5Y22hgjw=,+KNUCV2GGRVwMG8dum6BXJeskoE=
-60,12,Phlf/1gYcVMQLcEz7oa5Y22hgjw=,d385KSlc755y7RM0yWFm9tatZpM=
-61,10,Phlf/1gYcVMQLcEz7oa5Y22hgjw=,+KNUCV2GGRVwMG8dum6BXJeskoE=
-62,4,Phlf/1gYcVMQLcEz7oa5Y22hgjw=,gLiSmCxMU2kgdQSLJxjBnrWT1js=
-62,3,Phlf/1gYcVMQLcEz7oa5Y22hgjw=,FesbceJGdeXZFGz34oQPDQ3F//E=
-61,9,Phlf/1gYcVMQLcEz7oa5Y22hgjw=,Qc1cr74q/hibiPvx4fwZfsoQ1zY=
-54,8,Phlf/1gYcVMQLcEz7oa5Y22hgjw=,O/Wog12gvxKF2BF2xyBrhT5jacg=
-55,5,Phlf/1gYcVMQLcEz7oa5Y22hgjw=,YoYBdMRoAxZ6leJqMX1MTzO1J5Y=
-56,5,Phlf/1gYcVMQLcEz7oa5Y22hgjw=,YoYBdMRoAxZ6leJqMX1MTzO1J5Y=
-54,7,Phlf/1gYcVMQLcEz7oa5Y22hgjw=,rzHO3oWezW4GHCelTuLx4hpNmDw=
-55,7,Phlf/1gYcVMQLcEz7oa5Y22hgjw=,xr8VIj+aG68Caq9RwK+DlIjdZW8=
-54,5,Phlf/1gYcVMQLcEz7oa5Y22hgjw=,CgBrCX6WksWl6LQRXWJAj3ZUJWQ=
-57,8,Phlf/1gYcVMQLcEz7oa5Y22hgjw=,YF72szWK+SX7Wxp4WbOMeNZDQjk=
-55,6,Phlf/1gYcVMQLcEz7oa5Y22hgjw=,xr8VIj+aG68Caq9RwK+DlIjdZW8=
-54,6,Phlf/1gYcVMQLcEz7oa5Y22hgjw=,rzHO3oWezW4GHCelTuLx4hpNmDw=
-55,8,Phlf/1gYcVMQLcEz7oa5Y22hgjw=,gXRjURfyen06AlmnBPs/UeppxWE=
-57,5,Phlf/1gYcVMQLcEz7oa5Y22hgjw=,EY0TPupBttzYR97ViuGdBihRu9I=
-56,6,Phlf/1gYcVMQLcEz7oa5Y22hgjw=,xr8VIj+aG68Caq9RwK+DlIjdZW8=
-57,7,Phlf/1gYcVMQLcEz7oa5Y22hgjw=,6U+69igooifqweK7fyvVj2BaP68=
-57,6,Phlf/1gYcVMQLcEz7oa5Y22hgjw=,6U+69igooifqweK7fyvVj2BaP68=
-56,7,Phlf/1gYcVMQLcEz7oa5Y22hgjw=,xr8VIj+aG68Caq9RwK+DlIjdZW8=
-56,8,Phlf/1gYcVMQLcEz7oa5Y22hgjw=,gXRjURfyen06AlmnBPs/UeppxWE=
-63,6,Phlf/1gYcVMQLcEz7oa5Y22hgjw=,I2fMh3y+I4DZmIXcux96BEYRIiU=
-62,6,Phlf/1gYcVMQLcEz7oa5Y22hgjw=,unPncgbp8W8rGUAJfMj2QFAZSYw=
-62,5,Phlf/1gYcVMQLcEz7oa5Y22hgjw=,gLiSmCxMU2kgdQSLJxjBnrWT1js=
-62,11,Phlf/1gYcVMQLcEz7oa5Y22hgjw=,+KNUCV2GGRVwMG8dum6BXJeskoE=
-63,11,Phlf/1gYcVMQLcEz7oa5Y22hgjw=,D9Y8KNW6Wou6qJkDBsTs9Jfb37g=
-52,0,Phlf/1gYcVMQLcEz7oa5Y22hgjw=,aaKmQMZPHEMYXkUnL0kaJrA/x8o=
-53,0,Phlf/1gYcVMQLcEz7oa5Y22hgjw=,ccB6Fp991HAjNsTVcgyuiidCEDA=
-64,11,Phlf/1gYcVMQLcEz7oa5Y22hgjw=,D9Y8KNW6Wou6qJkDBsTs9Jfb37g=
-49,4,Phlf/1gYcVMQLcEz7oa5Y22hgjw=,TaSE1Nmru3Sg8BJwpEuxkqY5pPM=
-62,0,Phlf/1gYcVMQLcEz7oa5Y22hgjw=,ljP1h2N6B/UqdowXv/3/KcniDM0=
-49,11,Phlf/1gYcVMQLcEz7oa5Y22hgjw=,MLPLknSdm2DiNjaH4SOGLUJnhng=
-53,13,Phlf/1gYcVMQLcEz7oa5Y22hgjw=,pmKxWe/fv0fFJ/SWfxqDidLecXs=
-52,13,Phlf/1gYcVMQLcEz7oa5Y22hgjw=,DDGZnYzEH8RZz0fSLdDTWECzFfA=
-54,13,Phlf/1gYcVMQLcEz7oa5Y22hgjw=,pmKxWe/fv0fFJ/SWfxqDidLecXs=
-56,13,Phlf/1gYcVMQLcEz7oa5Y22hgjw=,pmKxWe/fv0fFJ/SWfxqDidLecXs=
-57,13,Phlf/1gYcVMQLcEz7oa5Y22hgjw=,8JWZryWBKL61vtTVUyzXL4OvOI4=
-55,13,Phlf/1gYcVMQLcEz7oa5Y22hgjw=,pmKxWe/fv0fFJ/SWfxqDidLecXs=
-64,6,Phlf/1gYcVMQLcEz7oa5Y22hgjw=,I2fMh3y+I4DZmIXcux96BEYRIiU=
-59,0,Phlf/1gYcVMQLcEz7oa5Y22hgjw=,OPlk43EFlDBiNXOODuHSbm7RXHE=
-58,0,Phlf/1gYcVMQLcEz7oa5Y22hgjw=,X0w8DUo3i+McQUrMyg/aZ/mKy2Y=
-54,0,Phlf/1gYcVMQLcEz7oa5Y22hgjw=,ccB6Fp991HAjNsTVcgyuiidCEDA=
-55,0,Phlf/1gYcVMQLcEz7oa5Y22hgjw=,lfFOvvJu4cFzyC8pK/yepyBHB54=
-57,0,Phlf/1gYcVMQLcEz7oa5Y22hgjw=,X0w8DUo3i+McQUrMyg/aZ/mKy2Y=
-56,0,Phlf/1gYcVMQLcEz7oa5Y22hgjw=,lfFOvvJu4cFzyC8pK/yepyBHB54=
-62,10,Phlf/1gYcVMQLcEz7oa5Y22hgjw=,+KNUCV2GGRVwMG8dum6BXJeskoE=
-64,10,Phlf/1gYcVMQLcEz7oa5Y22hgjw=,D9Y8KNW6Wou6qJkDBsTs9Jfb37g=
-63,10,Phlf/1gYcVMQLcEz7oa5Y22hgjw=,D9Y8KNW6Wou6qJkDBsTs9Jfb37g=
-63,7,Phlf/1gYcVMQLcEz7oa5Y22hgjw=,I2fMh3y+I4DZmIXcux96BEYRIiU=
-62,7,Phlf/1gYcVMQLcEz7oa5Y22hgjw=,unPncgbp8W8rGUAJfMj2QFAZSYw=
-64,7,Phlf/1gYcVMQLcEz7oa5Y22hgjw=,I2fMh3y+I4DZmIXcux96BEYRIiU=
-64,8,Phlf/1gYcVMQLcEz7oa5Y22hgjw=,Bp89Gt3KWb0XC+5uOJJcuePyCOk=
-62,9,Phlf/1gYcVMQLcEz7oa5Y22hgjw=,Qc1cr74q/hibiPvx4fwZfsoQ1zY=
-63,8,Phlf/1gYcVMQLcEz7oa5Y22hgjw=,Bp89Gt3KWb0XC+5uOJJcuePyCOk=
-64,9,Phlf/1gYcVMQLcEz7oa5Y22hgjw=,Bp89Gt3KWb0XC+5uOJJcuePyCOk=
-62,8,Phlf/1gYcVMQLcEz7oa5Y22hgjw=,Qc1cr74q/hibiPvx4fwZfsoQ1zY=
-63,9,Phlf/1gYcVMQLcEz7oa5Y22hgjw=,Bp89Gt3KWb0XC+5uOJJcuePyCOk=
