-39,-10,LwlTx44pdJ6h544gOgtr9lLkwok=,ukPour8Dic8n3AejCtqvvsQJ8lE=
-38,-10,LwlTx44pdJ6h544gOgtr9lLkwok=,ukPour8Dic8n3AejCtqvvsQJ8lE=
-34,-11,LwlTx44pdJ6h544gOgtr9lLkwok=,ukPour8Dic8n3AejCtqvvsQJ8lE=
-35,-11,LwlTx44pdJ6h544gOgtr9lLkwok=,ukPour8Dic8n3AejCtqvvsQJ8lE=
-34,-15,LwlTx44pdJ6h544gOgtr9lLkwok=,ukPour8Dic8n3AejCtqvvsQJ8lE=
-35,-15,LwlTx44pdJ6h544gOgtr9lLkwok=,ukPour8Dic8n3AejCtqvvsQJ8lE=
-36,-11,LwlTx44pdJ6h544gOgtr9lLkwok=,ukPour8Dic8n3AejCtqvvsQJ8lE=
-37,-11,LwlTx44pdJ6h544gOgtr9lLkwok=,ukPour8Dic8n3AejCtqvvsQJ8lE=
-38,-11,LwlTx44pdJ6h544gOgtr9lLkwok=,ukPour8Dic8n3AejCtqvvsQJ8lE=
-36,-15,LwlTx44pdJ6h544gOgtr9lLkwok=,ukPour8Dic8n3AejCtqvvsQJ8lE=
-39,-11,LwlTx44pdJ6h544gOgtr9lLkwok=,ukPour8Dic8n3AejCtqvvsQJ8lE=
-37,-15,LwlTx44pdJ6h544gOgtr9lLkwok=,ukPour8Dic8n3AejCtqvvsQJ8lE=
-38,-15,LwlTx44pdJ6h544gOgtr9lLkwok=,ukPour8Dic8n3AejCtqvvsQJ8lE=
-39,-15,LwlTx44pdJ6h544gOgtr9lLkwok=,ukPour8Dic8n3AejCtqvvsQJ8lE=
-35,-12,LwlTx44pdJ6h544gOgtr9lLkwok=,ukPour8Dic8n3AejCtqvvsQJ8lE=
-34,-12,LwlTx44pdJ6h544gOgtr9lLkwok=,ukPour8Dic8n3AejCtqvvsQJ8lE=
-37,-12,LwlTx44pdJ6h544gOgtr9lLkwok=,ukPour8Dic8n3AejCtqvvsQJ8lE=
-36,-12,LwlTx44pdJ6h544gOgtr9lLkwok=,ukPour8Dic8n3AejCtqvvsQJ8lE=
-38,-12,LwlTx44pdJ6h544gOgtr9lLkwok=,ukPour8Dic8n3AejCtqvvsQJ8lE=
-39,-12,LwlTx44pdJ6h544gOgtr9lLkwok=,ukPour8Dic8n3AejCtqvvsQJ8lE=
-34,-13,LwlTx44pdJ6h544gOgtr9lLkwok=,ukPour8Dic8n3AejCtqvvsQJ8lE=
-37,-10,LwlTx44pdJ6h544gOgtr9lLkwok=,ukPour8Dic8n3AejCtqvvsQJ8lE=
-36,-10,LwlTx44pdJ6h544gOgtr9lLkwok=,ukPour8Dic8n3AejCtqvvsQJ8lE=
-35,-10,LwlTx44pdJ6h544gOgtr9lLkwok=,ukPour8Dic8n3AejCtqvvsQJ8lE=
-34,-10,LwlTx44pdJ6h544gOgtr9lLkwok=,ukPour8Dic8n3AejCtqvvsQJ8lE=
-39,-14,LwlTx44pdJ6h544gOgtr9lLkwok=,ukPour8Dic8n3AejCtqvvsQJ8lE=
-38,-14,LwlTx44pdJ6h544gOgtr9lLkwok=,ukPour8Dic8n3AejCtqvvsQJ8lE=
-37,-14,LwlTx44pdJ6h544gOgtr9lLkwok=,ukPour8Dic8n3AejCtqvvsQJ8lE=
-36,-14,LwlTx44pdJ6h544gOgtr9lLkwok=,ukPour8Dic8n3AejCtqvvsQJ8lE=
-39,-3,LwlTx44pdJ6h544gOgtr9lLkwok=,uA0GVigCugi0Y+og3XbctOgKwxI=
-38,-3,LwlTx44pdJ6h544gOgtr9lLkwok=,uA0GVigCugi0Y+og3XbctOgKwxI=
-39,-4,LwlTx44pdJ6h544gOgtr9lLkwok=,uA0GVigCugi0Y+og3XbctOgKwxI=
-38,-4,LwlTx44pdJ6h544gOgtr9lLkwok=,uA0GVigCugi0Y+og3XbctOgKwxI=
-37,-3,LwlTx44pdJ6h544gOgtr9lLkwok=,uA0GVigCugi0Y+og3XbctOgKwxI=
-36,-3,LwlTx44pdJ6h544gOgtr9lLkwok=,uA0GVigCugi0Y+og3XbctOgKwxI=
-38,-8,LwlTx44pdJ6h544gOgtr9lLkwok=,uA0GVigCugi0Y+og3XbctOgKwxI=
-35,-3,LwlTx44pdJ6h544gOgtr9lLkwok=,uA0GVigCugi0Y+og3XbctOgKwxI=
-34,-3,LwlTx44pdJ6h544gOgtr9lLkwok=,uA0GVigCugi0Y+og3XbctOgKwxI=
-38,-5,LwlTx44pdJ6h544gOgtr9lLkwok=,uA0GVigCugi0Y+og3XbctOgKwxI=
-39,-2,LwlTx44pdJ6h544gOgtr9lLkwok=,uA0GVigCugi0Y+og3XbctOgKwxI=
-38,-2,LwlTx44pdJ6h544gOgtr9lLkwok=,uA0GVigCugi0Y+og3XbctOgKwxI=
-37,-2,LwlTx44pdJ6h544gOgtr9lLkwok=,uA0GVigCugi0Y+og3XbctOgKwxI=
-38,-9,LwlTx44pdJ6h544gOgtr9lLkwok=,ukPour8Dic8n3AejCtqvvsQJ8lE=
-36,-2,LwlTx44pdJ6h544gOgtr9lLkwok=,uA0GVigCugi0Y+og3XbctOgKwxI=
-39,-9,LwlTx44pdJ6h544gOgtr9lLkwok=,ukPour8Dic8n3AejCtqvvsQJ8lE=
-35,-2,LwlTx44pdJ6h544gOgtr9lLkwok=,uA0GVigCugi0Y+og3XbctOgKwxI=
-34,-2,LwlTx44pdJ6h544gOgtr9lLkwok=,uA0GVigCugi0Y+og3XbctOgKwxI=
-39,-6,LwlTx44pdJ6h544gOgtr9lLkwok=,uA0GVigCugi0Y+og3XbctOgKwxI=
-34,-8,LwlTx44pdJ6h544gOgtr9lLkwok=,uA0GVigCugi0Y+og3XbctOgKwxI=
-37,-9,LwlTx44pdJ6h544gOgtr9lLkwok=,ukPour8Dic8n3AejCtqvvsQJ8lE=
-36,-9,LwlTx44pdJ6h544gOgtr9lLkwok=,ukPour8Dic8n3AejCtqvvsQJ8lE=
-37,-8,LwlTx44pdJ6h544gOgtr9lLkwok=,uA0GVigCugi0Y+og3XbctOgKwxI=
-38,-6,LwlTx44pdJ6h544gOgtr9lLkwok=,uA0GVigCugi0Y+og3XbctOgKwxI=
-39,-5,LwlTx44pdJ6h544gOgtr9lLkwok=,uA0GVigCugi0Y+og3XbctOgKwxI=
-35,-9,LwlTx44pdJ6h544gOgtr9lLkwok=,ukPour8Dic8n3AejCtqvvsQJ8lE=
-39,-7,LwlTx44pdJ6h544gOgtr9lLkwok=,uA0GVigCugi0Y+og3XbctOgKwxI=
-36,-8,LwlTx44pdJ6h544gOgtr9lLkwok=,uA0GVigCugi0Y+og3XbctOgKwxI=
-37,-6,LwlTx44pdJ6h544gOgtr9lLkwok=,uA0GVigCugi0Y+og3XbctOgKwxI=
-37,-4,LwlTx44pdJ6h544gOgtr9lLkwok=,uA0GVigCugi0Y+og3XbctOgKwxI=
-36,-4,LwlTx44pdJ6h544gOgtr9lLkwok=,uA0GVigCugi0Y+og3XbctOgKwxI=
-39,-8,LwlTx44pdJ6h544gOgtr9lLkwok=,uA0GVigCugi0Y+og3XbctOgKwxI=
-36,-6,LwlTx44pdJ6h544gOgtr9lLkwok=,uA0GVigCugi0Y+og3XbctOgKwxI=
-34,-9,LwlTx44pdJ6h544gOgtr9lLkwok=,ukPour8Dic8n3AejCtqvvsQJ8lE=
-38,-7,LwlTx44pdJ6h544gOgtr9lLkwok=,uA0GVigCugi0Y+og3XbctOgKwxI=
-37,-7,LwlTx44pdJ6h544gOgtr9lLkwok=,uA0GVigCugi0Y+og3XbctOgKwxI=
-36,-7,LwlTx44pdJ6h544gOgtr9lLkwok=,uA0GVigCugi0Y+og3XbctOgKwxI=
-37,-5,LwlTx44pdJ6h544gOgtr9lLkwok=,uA0GVigCugi0Y+og3XbctOgKwxI=
-35,-7,LwlTx44pdJ6h544gOgtr9lLkwok=,uA0GVigCugi0Y+og3XbctOgKwxI=
-34,-7,LwlTx44pdJ6h544gOgtr9lLkwok=,uA0GVigCugi0Y+og3XbctOgKwxI=
-35,-8,LwlTx44pdJ6h544gOgtr9lLkwok=,uA0GVigCugi0Y+og3XbctOgKwxI=
-36,-5,LwlTx44pdJ6h544gOgtr9lLkwok=,uA0GVigCugi0Y+og3XbctOgKwxI=
-35,-6,LwlTx44pdJ6h544gOgtr9lLkwok=,uA0GVigCugi0Y+og3XbctOgKwxI=
-34,-6,LwlTx44pdJ6h544gOgtr9lLkwok=,uA0GVigCugi0Y+og3XbctOgKwxI=
-35,-5,LwlTx44pdJ6h544gOgtr9lLkwok=,uA0GVigCugi0Y+og3XbctOgKwxI=
-34,-5,LwlTx44pdJ6h544gOgtr9lLkwok=,uA0GVigCugi0Y+og3XbctOgKwxI=
-35,-4,LwlTx44pdJ6h544gOgtr9lLkwok=,uA0GVigCugi0Y+og3XbctOgKwxI=
-34,-4,LwlTx44pdJ6h544gOgtr9lLkwok=,uA0GVigCugi0Y+og3XbctOgKwxI=
-35,-13,LwlTx44pdJ6h544gOgtr9lLkwok=,ukPour8Dic8n3AejCtqvvsQJ8lE=
-40,-10,LwlTx44pdJ6h544gOgtr9lLkwok=,ukPour8Dic8n3AejCtqvvsQJ8lE=
-40,-14,LwlTx44pdJ6h544gOgtr9lLkwok=,ukPour8Dic8n3AejCtqvvsQJ8lE=
-47,-13,LwlTx44pdJ6h544gOgtr9lLkwok=,GlG3achQLTrk+o96GvxhV1X/j5U=
-46,-13,LwlTx44pdJ6h544gOgtr9lLkwok=,GlG3achQLTrk+o96GvxhV1X/j5U=
-45,-13,LwlTx44pdJ6h544gOgtr9lLkwok=,GlG3achQLTrk+o96GvxhV1X/j5U=
-44,-13,LwlTx44pdJ6h544gOgtr9lLkwok=,GlG3achQLTrk+o96GvxhV1X/j5U=
-43,-13,LwlTx44pdJ6h544gOgtr9lLkwok=,GlG3achQLTrk+o96GvxhV1X/j5U=
-42,-13,LwlTx44pdJ6h544gOgtr9lLkwok=,GlG3achQLTrk+o96GvxhV1X/j5U=
-41,-13,LwlTx44pdJ6h544gOgtr9lLkwok=,GlG3achQLTrk+o96GvxhV1X/j5U=
-47,-12,LwlTx44pdJ6h544gOgtr9lLkwok=,GlG3achQLTrk+o96GvxhV1X/j5U=
-47,-15,LwlTx44pdJ6h544gOgtr9lLkwok=,GlG3achQLTrk+o96GvxhV1X/j5U=
-46,-12,LwlTx44pdJ6h544gOgtr9lLkwok=,GlG3achQLTrk+o96GvxhV1X/j5U=
-45,-12,LwlTx44pdJ6h544gOgtr9lLkwok=,GlG3achQLTrk+o96GvxhV1X/j5U=
-46,-15,LwlTx44pdJ6h544gOgtr9lLkwok=,GlG3achQLTrk+o96GvxhV1X/j5U=
-45,-15,LwlTx44pdJ6h544gOgtr9lLkwok=,GlG3achQLTrk+o96GvxhV1X/j5U=
-40,-13,LwlTx44pdJ6h544gOgtr9lLkwok=,ukPour8Dic8n3AejCtqvvsQJ8lE=
-44,-12,LwlTx44pdJ6h544gOgtr9lLkwok=,GlG3achQLTrk+o96GvxhV1X/j5U=
-43,-12,LwlTx44pdJ6h544gOgtr9lLkwok=,GlG3achQLTrk+o96GvxhV1X/j5U=
-44,-15,LwlTx44pdJ6h544gOgtr9lLkwok=,GlG3achQLTrk+o96GvxhV1X/j5U=
-42,-12,LwlTx44pdJ6h544gOgtr9lLkwok=,GlG3achQLTrk+o96GvxhV1X/j5U=
-43,-15,LwlTx44pdJ6h544gOgtr9lLkwok=,GlG3achQLTrk+o96GvxhV1X/j5U=
-42,-15,LwlTx44pdJ6h544gOgtr9lLkwok=,GlG3achQLTrk+o96GvxhV1X/j5U=
-41,-12,LwlTx44pdJ6h544gOgtr9lLkwok=,GlG3achQLTrk+o96GvxhV1X/j5U=
-46,-11,LwlTx44pdJ6h544gOgtr9lLkwok=,GlG3achQLTrk+o96GvxhV1X/j5U=
-41,-15,LwlTx44pdJ6h544gOgtr9lLkwok=,GlG3achQLTrk+o96GvxhV1X/j5U=
-45,-11,LwlTx44pdJ6h544gOgtr9lLkwok=,GlG3achQLTrk+o96GvxhV1X/j5U=
-40,-12,LwlTx44pdJ6h544gOgtr9lLkwok=,ukPour8Dic8n3AejCtqvvsQJ8lE=
-47,-14,LwlTx44pdJ6h544gOgtr9lLkwok=,GlG3achQLTrk+o96GvxhV1X/j5U=
-46,-14,LwlTx44pdJ6h544gOgtr9lLkwok=,GlG3achQLTrk+o96GvxhV1X/j5U=
-40,-11,LwlTx44pdJ6h544gOgtr9lLkwok=,ukPour8Dic8n3AejCtqvvsQJ8lE=
-44,-11,LwlTx44pdJ6h544gOgtr9lLkwok=,GlG3achQLTrk+o96GvxhV1X/j5U=
-40,-15,LwlTx44pdJ6h544gOgtr9lLkwok=,ukPour8Dic8n3AejCtqvvsQJ8lE=
-45,-14,LwlTx44pdJ6h544gOgtr9lLkwok=,GlG3achQLTrk+o96GvxhV1X/j5U=
-44,-14,LwlTx44pdJ6h544gOgtr9lLkwok=,GlG3achQLTrk+o96GvxhV1X/j5U=
-43,-14,LwlTx44pdJ6h544gOgtr9lLkwok=,GlG3achQLTrk+o96GvxhV1X/j5U=
-42,-14,LwlTx44pdJ6h544gOgtr9lLkwok=,GlG3achQLTrk+o96GvxhV1X/j5U=
-43,-11,LwlTx44pdJ6h544gOgtr9lLkwok=,GlG3achQLTrk+o96GvxhV1X/j5U=
-42,-11,LwlTx44pdJ6h544gOgtr9lLkwok=,GlG3achQLTrk+o96GvxhV1X/j5U=
-41,-11,LwlTx44pdJ6h544gOgtr9lLkwok=,GlG3achQLTrk+o96GvxhV1X/j5U=
-46,-10,LwlTx44pdJ6h544gOgtr9lLkwok=,GlG3achQLTrk+o96GvxhV1X/j5U=
-45,-10,LwlTx44pdJ6h544gOgtr9lLkwok=,GlG3achQLTrk+o96GvxhV1X/j5U=
-44,-10,LwlTx44pdJ6h544gOgtr9lLkwok=,GlG3achQLTrk+o96GvxhV1X/j5U=
-43,-10,LwlTx44pdJ6h544gOgtr9lLkwok=,GlG3achQLTrk+o96GvxhV1X/j5U=
-41,-14,LwlTx44pdJ6h544gOgtr9lLkwok=,GlG3achQLTrk+o96GvxhV1X/j5U=
-42,-10,LwlTx44pdJ6h544gOgtr9lLkwok=,GlG3achQLTrk+o96GvxhV1X/j5U=
-41,-10,LwlTx44pdJ6h544gOgtr9lLkwok=,GlG3achQLTrk+o96GvxhV1X/j5U=
-37,-13,LwlTx44pdJ6h544gOgtr9lLkwok=,ukPour8Dic8n3AejCtqvvsQJ8lE=
-36,-13,LwlTx44pdJ6h544gOgtr9lLkwok=,ukPour8Dic8n3AejCtqvvsQJ8lE=
-38,-13,LwlTx44pdJ6h544gOgtr9lLkwok=,ukPour8Dic8n3AejCtqvvsQJ8lE=
-39,-13,LwlTx44pdJ6h544gOgtr9lLkwok=,ukPour8Dic8n3AejCtqvvsQJ8lE=
-35,-14,LwlTx44pdJ6h544gOgtr9lLkwok=,ukPour8Dic8n3AejCtqvvsQJ8lE=
-34,-14,LwlTx44pdJ6h544gOgtr9lLkwok=,ukPour8Dic8n3AejCtqvvsQJ8lE=
-40,-3,LwlTx44pdJ6h544gOgtr9lLkwok=,uA0GVigCugi0Y+og3XbctOgKwxI=
-40,-5,LwlTx44pdJ6h544gOgtr9lLkwok=,uA0GVigCugi0Y+og3XbctOgKwxI=
-46,-9,LwlTx44pdJ6h544gOgtr9lLkwok=,GlG3achQLTrk+o96GvxhV1X/j5U=
-45,-9,LwlTx44pdJ6h544gOgtr9lLkwok=,GlG3achQLTrk+o96GvxhV1X/j5U=
-40,-4,LwlTx44pdJ6h544gOgtr9lLkwok=,uA0GVigCugi0Y+og3XbctOgKwxI=
-44,-9,LwlTx44pdJ6h544gOgtr9lLkwok=,GlG3achQLTrk+o96GvxhV1X/j5U=
-43,-9,LwlTx44pdJ6h544gOgtr9lLkwok=,GlG3achQLTrk+o96GvxhV1X/j5U=
-40,-8,LwlTx44pdJ6h544gOgtr9lLkwok=,uA0GVigCugi0Y+og3XbctOgKwxI=
-40,-2,LwlTx44pdJ6h544gOgtr9lLkwok=,uA0GVigCugi0Y+og3XbctOgKwxI=
-40,-6,LwlTx44pdJ6h544gOgtr9lLkwok=,uA0GVigCugi0Y+og3XbctOgKwxI=
-42,-9,LwlTx44pdJ6h544gOgtr9lLkwok=,GlG3achQLTrk+o96GvxhV1X/j5U=
-41,-9,LwlTx44pdJ6h544gOgtr9lLkwok=,GlG3achQLTrk+o96GvxhV1X/j5U=
-40,-9,LwlTx44pdJ6h544gOgtr9lLkwok=,ukPour8Dic8n3AejCtqvvsQJ8lE=
-46,-8,LwlTx44pdJ6h544gOgtr9lLkwok=,Ht/wmk6MEbwqHKfxtqaM2nMjdpk=
-40,-7,LwlTx44pdJ6h544gOgtr9lLkwok=,uA0GVigCugi0Y+og3XbctOgKwxI=
-45,-8,LwlTx44pdJ6h544gOgtr9lLkwok=,Ht/wmk6MEbwqHKfxtqaM2nMjdpk=
-44,-8,LwlTx44pdJ6h544gOgtr9lLkwok=,Ht/wmk6MEbwqHKfxtqaM2nMjdpk=
-43,-8,LwlTx44pdJ6h544gOgtr9lLkwok=,Ht/wmk6MEbwqHKfxtqaM2nMjdpk=
-42,-8,LwlTx44pdJ6h544gOgtr9lLkwok=,Ht/wmk6MEbwqHKfxtqaM2nMjdpk=
-41,-8,LwlTx44pdJ6h544gOgtr9lLkwok=,Ht/wmk6MEbwqHKfxtqaM2nMjdpk=
-47,-7,LwlTx44pdJ6h544gOgtr9lLkwok=,Ht/wmk6MEbwqHKfxtqaM2nMjdpk=
-46,-7,LwlTx44pdJ6h544gOgtr9lLkwok=,Ht/wmk6MEbwqHKfxtqaM2nMjdpk=
-45,-7,LwlTx44pdJ6h544gOgtr9lLkwok=,Ht/wmk6MEbwqHKfxtqaM2nMjdpk=
-43,-7,LwlTx44pdJ6h544gOgtr9lLkwok=,Ht/wmk6MEbwqHKfxtqaM2nMjdpk=
-42,-7,LwlTx44pdJ6h544gOgtr9lLkwok=,Ht/wmk6MEbwqHKfxtqaM2nMjdpk=
-44,-7,LwlTx44pdJ6h544gOgtr9lLkwok=,Ht/wmk6MEbwqHKfxtqaM2nMjdpk=
-47,-4,LwlTx44pdJ6h544gOgtr9lLkwok=,Ht/wmk6MEbwqHKfxtqaM2nMjdpk=
-46,-4,LwlTx44pdJ6h544gOgtr9lLkwok=,Ht/wmk6MEbwqHKfxtqaM2nMjdpk=
-45,-4,LwlTx44pdJ6h544gOgtr9lLkwok=,Ht/wmk6MEbwqHKfxtqaM2nMjdpk=
-44,-4,LwlTx44pdJ6h544gOgtr9lLkwok=,Ht/wmk6MEbwqHKfxtqaM2nMjdpk=
-43,-4,LwlTx44pdJ6h544gOgtr9lLkwok=,Ht/wmk6MEbwqHKfxtqaM2nMjdpk=
-41,-7,LwlTx44pdJ6h544gOgtr9lLkwok=,Ht/wmk6MEbwqHKfxtqaM2nMjdpk=
-42,-4,LwlTx44pdJ6h544gOgtr9lLkwok=,Ht/wmk6MEbwqHKfxtqaM2nMjdpk=
-47,-3,LwlTx44pdJ6h544gOgtr9lLkwok=,Ht/wmk6MEbwqHKfxtqaM2nMjdpk=
-47,-6,LwlTx44pdJ6h544gOgtr9lLkwok=,Ht/wmk6MEbwqHKfxtqaM2nMjdpk=
-41,-4,LwlTx44pdJ6h544gOgtr9lLkwok=,Ht/wmk6MEbwqHKfxtqaM2nMjdpk=
-46,-6,LwlTx44pdJ6h544gOgtr9lLkwok=,Ht/wmk6MEbwqHKfxtqaM2nMjdpk=
-45,-6,LwlTx44pdJ6h544gOgtr9lLkwok=,Ht/wmk6MEbwqHKfxtqaM2nMjdpk=
-44,-6,LwlTx44pdJ6h544gOgtr9lLkwok=,Ht/wmk6MEbwqHKfxtqaM2nMjdpk=
-43,-6,LwlTx44pdJ6h544gOgtr9lLkwok=,Ht/wmk6MEbwqHKfxtqaM2nMjdpk=
-42,-6,LwlTx44pdJ6h544gOgtr9lLkwok=,Ht/wmk6MEbwqHKfxtqaM2nMjdpk=
-41,-6,LwlTx44pdJ6h544gOgtr9lLkwok=,Ht/wmk6MEbwqHKfxtqaM2nMjdpk=
-47,-5,LwlTx44pdJ6h544gOgtr9lLkwok=,Ht/wmk6MEbwqHKfxtqaM2nMjdpk=
-46,-3,LwlTx44pdJ6h544gOgtr9lLkwok=,Ht/wmk6MEbwqHKfxtqaM2nMjdpk=
-45,-3,LwlTx44pdJ6h544gOgtr9lLkwok=,Ht/wmk6MEbwqHKfxtqaM2nMjdpk=
-44,-3,LwlTx44pdJ6h544gOgtr9lLkwok=,Ht/wmk6MEbwqHKfxtqaM2nMjdpk=
-42,-3,LwlTx44pdJ6h544gOgtr9lLkwok=,Ht/wmk6MEbwqHKfxtqaM2nMjdpk=
-43,-3,LwlTx44pdJ6h544gOgtr9lLkwok=,Ht/wmk6MEbwqHKfxtqaM2nMjdpk=
-41,-3,LwlTx44pdJ6h544gOgtr9lLkwok=,Ht/wmk6MEbwqHKfxtqaM2nMjdpk=
-46,-5,LwlTx44pdJ6h544gOgtr9lLkwok=,Ht/wmk6MEbwqHKfxtqaM2nMjdpk=
-47,-2,LwlTx44pdJ6h544gOgtr9lLkwok=,Ht/wmk6MEbwqHKfxtqaM2nMjdpk=
-46,-2,LwlTx44pdJ6h544gOgtr9lLkwok=,Ht/wmk6MEbwqHKfxtqaM2nMjdpk=
-45,-2,LwlTx44pdJ6h544gOgtr9lLkwok=,Ht/wmk6MEbwqHKfxtqaM2nMjdpk=
-45,-5,LwlTx44pdJ6h544gOgtr9lLkwok=,Ht/wmk6MEbwqHKfxtqaM2nMjdpk=
-44,-5,LwlTx44pdJ6h544gOgtr9lLkwok=,Ht/wmk6MEbwqHKfxtqaM2nMjdpk=
-43,-5,LwlTx44pdJ6h544gOgtr9lLkwok=,Ht/wmk6MEbwqHKfxtqaM2nMjdpk=
-44,-2,LwlTx44pdJ6h544gOgtr9lLkwok=,Ht/wmk6MEbwqHKfxtqaM2nMjdpk=
-43,-2,LwlTx44pdJ6h544gOgtr9lLkwok=,Ht/wmk6MEbwqHKfxtqaM2nMjdpk=
-42,-5,LwlTx44pdJ6h544gOgtr9lLkwok=,Ht/wmk6MEbwqHKfxtqaM2nMjdpk=
-41,-2,LwlTx44pdJ6h544gOgtr9lLkwok=,Ht/wmk6MEbwqHKfxtqaM2nMjdpk=
-42,-2,LwlTx44pdJ6h544gOgtr9lLkwok=,Ht/wmk6MEbwqHKfxtqaM2nMjdpk=
-44,-1,LwlTx44pdJ6h544gOgtr9lLkwok=,Ht/wmk6MEbwqHKfxtqaM2nMjdpk=
-41,-5,LwlTx44pdJ6h544gOgtr9lLkwok=,Ht/wmk6MEbwqHKfxtqaM2nMjdpk=
-42,-1,LwlTx44pdJ6h544gOgtr9lLkwok=,Ht/wmk6MEbwqHKfxtqaM2nMjdpk=
-43,-1,LwlTx44pdJ6h544gOgtr9lLkwok=,Ht/wmk6MEbwqHKfxtqaM2nMjdpk=
-47,-1,LwlTx44pdJ6h544gOgtr9lLkwok=,Ht/wmk6MEbwqHKfxtqaM2nMjdpk=
-46,-1,LwlTx44pdJ6h544gOgtr9lLkwok=,Ht/wmk6MEbwqHKfxtqaM2nMjdpk=
-45,-1,LwlTx44pdJ6h544gOgtr9lLkwok=,Ht/wmk6MEbwqHKfxtqaM2nMjdpk=
-48,-7,LwlTx44pdJ6h544gOgtr9lLkwok=,Ht/wmk6MEbwqHKfxtqaM2nMjdpk=
-48,-4,LwlTx44pdJ6h544gOgtr9lLkwok=,Ht/wmk6MEbwqHKfxtqaM2nMjdpk=
-48,-3,LwlTx44pdJ6h544gOgtr9lLkwok=,Ht/wmk6MEbwqHKfxtqaM2nMjdpk=
-48,-6,LwlTx44pdJ6h544gOgtr9lLkwok=,Ht/wmk6MEbwqHKfxtqaM2nMjdpk=
-48,-5,LwlTx44pdJ6h544gOgtr9lLkwok=,Ht/wmk6MEbwqHKfxtqaM2nMjdpk=
-48,-2,LwlTx44pdJ6h544gOgtr9lLkwok=,Ht/wmk6MEbwqHKfxtqaM2nMjdpk=
-48,-13,LwlTx44pdJ6h544gOgtr9lLkwok=,GlG3achQLTrk+o96GvxhV1X/j5U=
-48,-12,LwlTx44pdJ6h544gOgtr9lLkwok=,GlG3achQLTrk+o96GvxhV1X/j5U=
-48,-15,LwlTx44pdJ6h544gOgtr9lLkwok=,GlG3achQLTrk+o96GvxhV1X/j5U=
-48,-14,LwlTx44pdJ6h544gOgtr9lLkwok=,GlG3achQLTrk+o96GvxhV1X/j5U=
-39,-16,LwlTx44pdJ6h544gOgtr9lLkwok=,ukPour8Dic8n3AejCtqvvsQJ8lE=
-38,-16,LwlTx44pdJ6h544gOgtr9lLkwok=,ukPour8Dic8n3AejCtqvvsQJ8lE=
-37,-16,LwlTx44pdJ6h544gOgtr9lLkwok=,ukPour8Dic8n3AejCtqvvsQJ8lE=
-36,-16,LwlTx44pdJ6h544gOgtr9lLkwok=,ukPour8Dic8n3AejCtqvvsQJ8lE=
-35,-16,LwlTx44pdJ6h544gOgtr9lLkwok=,ukPour8Dic8n3AejCtqvvsQJ8lE=
-34,-16,LwlTx44pdJ6h544gOgtr9lLkwok=,ukPour8Dic8n3AejCtqvvsQJ8lE=
-48,-11,LwlTx44pdJ6h544gOgtr9lLkwok=,GlG3achQLTrk+o96GvxhV1X/j5U=
-47,-11,LwlTx44pdJ6h544gOgtr9lLkwok=,GlG3achQLTrk+o96GvxhV1X/j5U=
-47,-9,LwlTx44pdJ6h544gOgtr9lLkwok=,GlG3achQLTrk+o96GvxhV1X/j5U=
-47,-10,LwlTx44pdJ6h544gOgtr9lLkwok=,GlG3achQLTrk+o96GvxhV1X/j5U=
-48,-10,LwlTx44pdJ6h544gOgtr9lLkwok=,GlG3achQLTrk+o96GvxhV1X/j5U=
-48,-8,LwlTx44pdJ6h544gOgtr9lLkwok=,Ht/wmk6MEbwqHKfxtqaM2nMjdpk=
-47,-8,LwlTx44pdJ6h544gOgtr9lLkwok=,Ht/wmk6MEbwqHKfxtqaM2nMjdpk=
-33,-10,LwlTx44pdJ6h544gOgtr9lLkwok=,ukPour8Dic8n3AejCtqvvsQJ8lE=
-33,-14,LwlTx44pdJ6h544gOgtr9lLkwok=,ukPour8Dic8n3AejCtqvvsQJ8lE=
-33,-13,LwlTx44pdJ6h544gOgtr9lLkwok=,ukPour8Dic8n3AejCtqvvsQJ8lE=
-33,-12,LwlTx44pdJ6h544gOgtr9lLkwok=,ukPour8Dic8n3AejCtqvvsQJ8lE=
-33,-16,LwlTx44pdJ6h544gOgtr9lLkwok=,ukPour8Dic8n3AejCtqvvsQJ8lE=
-33,-11,LwlTx44pdJ6h544gOgtr9lLkwok=,ukPour8Dic8n3AejCtqvvsQJ8lE=
-33,-15,LwlTx44pdJ6h544gOgtr9lLkwok=,ukPour8Dic8n3AejCtqvvsQJ8lE=
-41,-1,LwlTx44pdJ6h544gOgtr9lLkwok=,Ht/wmk6MEbwqHKfxtqaM2nMjdpk=
-40,-1,LwlTx44pdJ6h544gOgtr9lLkwok=,uA0GVigCugi0Y+og3XbctOgKwxI=
-39,-1,LwlTx44pdJ6h544gOgtr9lLkwok=,uA0GVigCugi0Y+og3XbctOgKwxI=
-37,-1,LwlTx44pdJ6h544gOgtr9lLkwok=,uA0GVigCugi0Y+og3XbctOgKwxI=
-38,-1,LwlTx44pdJ6h544gOgtr9lLkwok=,uA0GVigCugi0Y+og3XbctOgKwxI=
-36,-1,LwlTx44pdJ6h544gOgtr9lLkwok=,uA0GVigCugi0Y+og3XbctOgKwxI=
-35,-1,LwlTx44pdJ6h544gOgtr9lLkwok=,uA0GVigCugi0Y+og3XbctOgKwxI=
-34,-1,LwlTx44pdJ6h544gOgtr9lLkwok=,uA0GVigCugi0Y+og3XbctOgKwxI=
-47,-16,LwlTx44pdJ6h544gOgtr9lLkwok=,GlG3achQLTrk+o96GvxhV1X/j5U=
-46,-16,LwlTx44pdJ6h544gOgtr9lLkwok=,GlG3achQLTrk+o96GvxhV1X/j5U=
-40,-16,LwlTx44pdJ6h544gOgtr9lLkwok=,ukPour8Dic8n3AejCtqvvsQJ8lE=
-45,-16,LwlTx44pdJ6h544gOgtr9lLkwok=,GlG3achQLTrk+o96GvxhV1X/j5U=
-44,-16,LwlTx44pdJ6h544gOgtr9lLkwok=,GlG3achQLTrk+o96GvxhV1X/j5U=
-43,-16,LwlTx44pdJ6h544gOgtr9lLkwok=,GlG3achQLTrk+o96GvxhV1X/j5U=
-42,-16,LwlTx44pdJ6h544gOgtr9lLkwok=,GlG3achQLTrk+o96GvxhV1X/j5U=
-48,-9,LwlTx44pdJ6h544gOgtr9lLkwok=,GlG3achQLTrk+o96GvxhV1X/j5U=
-41,-16,LwlTx44pdJ6h544gOgtr9lLkwok=,GlG3achQLTrk+o96GvxhV1X/j5U=
-48,-16,LwlTx44pdJ6h544gOgtr9lLkwok=,GlG3achQLTrk+o96GvxhV1X/j5U=
-33,-3,LwlTx44pdJ6h544gOgtr9lLkwok=,uA0GVigCugi0Y+og3XbctOgKwxI=
-33,-9,LwlTx44pdJ6h544gOgtr9lLkwok=,ukPour8Dic8n3AejCtqvvsQJ8lE=
-33,-2,LwlTx44pdJ6h544gOgtr9lLkwok=,uA0GVigCugi0Y+og3XbctOgKwxI=
-33,-7,LwlTx44pdJ6h544gOgtr9lLkwok=,uA0GVigCugi0Y+og3XbctOgKwxI=
-33,-8,LwlTx44pdJ6h544gOgtr9lLkwok=,uA0GVigCugi0Y+og3XbctOgKwxI=
-33,-6,LwlTx44pdJ6h544gOgtr9lLkwok=,uA0GVigCugi0Y+og3XbctOgKwxI=
-33,-5,LwlTx44pdJ6h544gOgtr9lLkwok=,uA0GVigCugi0Y+og3XbctOgKwxI=
-33,-4,LwlTx44pdJ6h544gOgtr9lLkwok=,uA0GVigCugi0Y+og3XbctOgKwxI=
-33,-1,LwlTx44pdJ6h544gOgtr9lLkwok=,uA0GVigCugi0Y+og3XbctOgKwxI=
-48,-1,LwlTx44pdJ6h544gOgtr9lLkwok=,Ht/wmk6MEbwqHKfxtqaM2nMjdpk=
-48,-23,LwlTx44pdJ6h544gOgtr9lLkwok=,7SwsTo0a9L5QoVnX0fUzy/0Oeo8=
-48,-21,LwlTx44pdJ6h544gOgtr9lLkwok=,7SwsTo0a9L5QoVnX0fUzy/0Oeo8=
-48,-20,LwlTx44pdJ6h544gOgtr9lLkwok=,7SwsTo0a9L5QoVnX0fUzy/0Oeo8=
-48,-22,LwlTx44pdJ6h544gOgtr9lLkwok=,7SwsTo0a9L5QoVnX0fUzy/0Oeo8=
-48,-18,LwlTx44pdJ6h544gOgtr9lLkwok=,7SwsTo0a9L5QoVnX0fUzy/0Oeo8=
-48,-19,LwlTx44pdJ6h544gOgtr9lLkwok=,7SwsTo0a9L5QoVnX0fUzy/0Oeo8=
-48,-24,LwlTx44pdJ6h544gOgtr9lLkwok=,7SwsTo0a9L5QoVnX0fUzy/0Oeo8=
-39,-17,LwlTx44pdJ6h544gOgtr9lLkwok=,8KKDAq4W8xsHfjV0yMGAG9zw9lk=
-38,-17,LwlTx44pdJ6h544gOgtr9lLkwok=,8KKDAq4W8xsHfjV0yMGAG9zw9lk=
-37,-17,LwlTx44pdJ6h544gOgtr9lLkwok=,8KKDAq4W8xsHfjV0yMGAG9zw9lk=
-36,-17,LwlTx44pdJ6h544gOgtr9lLkwok=,8KKDAq4W8xsHfjV0yMGAG9zw9lk=
-34,-17,LwlTx44pdJ6h544gOgtr9lLkwok=,8KKDAq4W8xsHfjV0yMGAG9zw9lk=
-35,-17,LwlTx44pdJ6h544gOgtr9lLkwok=,8KKDAq4W8xsHfjV0yMGAG9zw9lk=
-40,-17,LwlTx44pdJ6h544gOgtr9lLkwok=,8KKDAq4W8xsHfjV0yMGAG9zw9lk=
-47,-17,LwlTx44pdJ6h544gOgtr9lLkwok=,7SwsTo0a9L5QoVnX0fUzy/0Oeo8=
-46,-17,LwlTx44pdJ6h544gOgtr9lLkwok=,7SwsTo0a9L5QoVnX0fUzy/0Oeo8=
-45,-17,LwlTx44pdJ6h544gOgtr9lLkwok=,7SwsTo0a9L5QoVnX0fUzy/0Oeo8=
-44,-17,LwlTx44pdJ6h544gOgtr9lLkwok=,7SwsTo0a9L5QoVnX0fUzy/0Oeo8=
-43,-17,LwlTx44pdJ6h544gOgtr9lLkwok=,7SwsTo0a9L5QoVnX0fUzy/0Oeo8=
-42,-17,LwlTx44pdJ6h544gOgtr9lLkwok=,7SwsTo0a9L5QoVnX0fUzy/0Oeo8=
-41,-17,LwlTx44pdJ6h544gOgtr9lLkwok=,7SwsTo0a9L5QoVnX0fUzy/0Oeo8=
-33,-18,LwlTx44pdJ6h544gOgtr9lLkwok=,8KKDAq4W8xsHfjV0yMGAG9zw9lk=
-33,-19,LwlTx44pdJ6h544gOgtr9lLkwok=,8KKDAq4W8xsHfjV0yMGAG9zw9lk=
-33,-20,LwlTx44pdJ6h544gOgtr9lLkwok=,8KKDAq4W8xsHfjV0yMGAG9zw9lk=
-33,-23,LwlTx44pdJ6h544gOgtr9lLkwok=,8KKDAq4W8xsHfjV0yMGAG9zw9lk=
-33,-24,LwlTx44pdJ6h544gOgtr9lLkwok=,8KKDAq4W8xsHfjV0yMGAG9zw9lk=
-33,-22,LwlTx44pdJ6h544gOgtr9lLkwok=,8KKDAq4W8xsHfjV0yMGAG9zw9lk=
-33,-21,LwlTx44pdJ6h544gOgtr9lLkwok=,8KKDAq4W8xsHfjV0yMGAG9zw9lk=
-33,-17,LwlTx44pdJ6h544gOgtr9lLkwok=,8KKDAq4W8xsHfjV0yMGAG9zw9lk=
-48,-17,LwlTx44pdJ6h544gOgtr9lLkwok=,7SwsTo0a9L5QoVnX0fUzy/0Oeo8=
-50,-24,RjBqaCLu/wqHg8U2RnXXicJm0aw=,dXWj8RcmQ5mmV+gKScKPqnievzM=
-54,-19,RjBqaCLu/wqHg8U2RnXXicJm0aw=,dXWj8RcmQ5mmV+gKScKPqnievzM=
-52,-18,RjBqaCLu/wqHg8U2RnXXicJm0aw=,dXWj8RcmQ5mmV+gKScKPqnievzM=
-51,-18,RjBqaCLu/wqHg8U2RnXXicJm0aw=,dXWj8RcmQ5mmV+gKScKPqnievzM=
-50,-18,RjBqaCLu/wqHg8U2RnXXicJm0aw=,dXWj8RcmQ5mmV+gKScKPqnievzM=
-53,-19,RjBqaCLu/wqHg8U2RnXXicJm0aw=,dXWj8RcmQ5mmV+gKScKPqnievzM=
-52,-19,RjBqaCLu/wqHg8U2RnXXicJm0aw=,dXWj8RcmQ5mmV+gKScKPqnievzM=
-54,-24,RjBqaCLu/wqHg8U2RnXXicJm0aw=,dXWj8RcmQ5mmV+gKScKPqnievzM=
-55,-21,RjBqaCLu/wqHg8U2RnXXicJm0aw=,dXWj8RcmQ5mmV+gKScKPqnievzM=
-52,-24,RjBqaCLu/wqHg8U2RnXXicJm0aw=,dXWj8RcmQ5mmV+gKScKPqnievzM=
-54,-20,RjBqaCLu/wqHg8U2RnXXicJm0aw=,dXWj8RcmQ5mmV+gKScKPqnievzM=
-54,-21,RjBqaCLu/wqHg8U2RnXXicJm0aw=,dXWj8RcmQ5mmV+gKScKPqnievzM=
-53,-20,RjBqaCLu/wqHg8U2RnXXicJm0aw=,dXWj8RcmQ5mmV+gKScKPqnievzM=
-52,-20,RjBqaCLu/wqHg8U2RnXXicJm0aw=,dXWj8RcmQ5mmV+gKScKPqnievzM=
-51,-20,RjBqaCLu/wqHg8U2RnXXicJm0aw=,dXWj8RcmQ5mmV+gKScKPqnievzM=
-50,-20,RjBqaCLu/wqHg8U2RnXXicJm0aw=,dXWj8RcmQ5mmV+gKScKPqnievzM=
-53,-21,RjBqaCLu/wqHg8U2RnXXicJm0aw=,dXWj8RcmQ5mmV+gKScKPqnievzM=
-55,-23,RjBqaCLu/wqHg8U2RnXXicJm0aw=,dXWj8RcmQ5mmV+gKScKPqnievzM=
-54,-23,RjBqaCLu/wqHg8U2RnXXicJm0aw=,dXWj8RcmQ5mmV+gKScKPqnievzM=
-53,-23,RjBqaCLu/wqHg8U2RnXXicJm0aw=,dXWj8RcmQ5mmV+gKScKPqnievzM=
-52,-21,RjBqaCLu/wqHg8U2RnXXicJm0aw=,dXWj8RcmQ5mmV+gKScKPqnievzM=
-55,-22,RjBqaCLu/wqHg8U2RnXXicJm0aw=,dXWj8RcmQ5mmV+gKScKPqnievzM=
-51,-19,RjBqaCLu/wqHg8U2RnXXicJm0aw=,dXWj8RcmQ5mmV+gKScKPqnievzM=
-54,-22,RjBqaCLu/wqHg8U2RnXXicJm0aw=,dXWj8RcmQ5mmV+gKScKPqnievzM=
-51,-21,RjBqaCLu/wqHg8U2RnXXicJm0aw=,dXWj8RcmQ5mmV+gKScKPqnievzM=
-50,-21,RjBqaCLu/wqHg8U2RnXXicJm0aw=,dXWj8RcmQ5mmV+gKScKPqnievzM=
-53,-22,RjBqaCLu/wqHg8U2RnXXicJm0aw=,dXWj8RcmQ5mmV+gKScKPqnievzM=
-55,-24,RjBqaCLu/wqHg8U2RnXXicJm0aw=,dXWj8RcmQ5mmV+gKScKPqnievzM=
-52,-22,RjBqaCLu/wqHg8U2RnXXicJm0aw=,dXWj8RcmQ5mmV+gKScKPqnievzM=
-51,-22,RjBqaCLu/wqHg8U2RnXXicJm0aw=,dXWj8RcmQ5mmV+gKScKPqnievzM=
-50,-19,RjBqaCLu/wqHg8U2RnXXicJm0aw=,dXWj8RcmQ5mmV+gKScKPqnievzM=
-53,-24,RjBqaCLu/wqHg8U2RnXXicJm0aw=,dXWj8RcmQ5mmV+gKScKPqnievzM=
-51,-24,RjBqaCLu/wqHg8U2RnXXicJm0aw=,dXWj8RcmQ5mmV+gKScKPqnievzM=
-52,-23,RjBqaCLu/wqHg8U2RnXXicJm0aw=,dXWj8RcmQ5mmV+gKScKPqnievzM=
-50,-22,RjBqaCLu/wqHg8U2RnXXicJm0aw=,dXWj8RcmQ5mmV+gKScKPqnievzM=
-55,-20,RjBqaCLu/wqHg8U2RnXXicJm0aw=,dXWj8RcmQ5mmV+gKScKPqnievzM=
-55,-18,RjBqaCLu/wqHg8U2RnXXicJm0aw=,dXWj8RcmQ5mmV+gKScKPqnievzM=
-51,-23,RjBqaCLu/wqHg8U2RnXXicJm0aw=,dXWj8RcmQ5mmV+gKScKPqnievzM=
-53,-18,RjBqaCLu/wqHg8U2RnXXicJm0aw=,dXWj8RcmQ5mmV+gKScKPqnievzM=
-54,-18,RjBqaCLu/wqHg8U2RnXXicJm0aw=,dXWj8RcmQ5mmV+gKScKPqnievzM=
-50,-23,RjBqaCLu/wqHg8U2RnXXicJm0aw=,dXWj8RcmQ5mmV+gKScKPqnievzM=
-63,-27,RjBqaCLu/wqHg8U2RnXXicJm0aw=,w+RP8OpVJnwSFhRzw2NDdeHS7T8=
-62,-27,RjBqaCLu/wqHg8U2RnXXicJm0aw=,w+RP8OpVJnwSFhRzw2NDdeHS7T8=
-61,-27,RjBqaCLu/wqHg8U2RnXXicJm0aw=,w+RP8OpVJnwSFhRzw2NDdeHS7T8=
-60,-27,RjBqaCLu/wqHg8U2RnXXicJm0aw=,w+RP8OpVJnwSFhRzw2NDdeHS7T8=
-59,-27,RjBqaCLu/wqHg8U2RnXXicJm0aw=,w+RP8OpVJnwSFhRzw2NDdeHS7T8=
-58,-27,RjBqaCLu/wqHg8U2RnXXicJm0aw=,w+RP8OpVJnwSFhRzw2NDdeHS7T8=
-57,-27,RjBqaCLu/wqHg8U2RnXXicJm0aw=,w+RP8OpVJnwSFhRzw2NDdeHS7T8=
-63,-26,RjBqaCLu/wqHg8U2RnXXicJm0aw=,w+RP8OpVJnwSFhRzw2NDdeHS7T8=
-62,-26,RjBqaCLu/wqHg8U2RnXXicJm0aw=,w+RP8OpVJnwSFhRzw2NDdeHS7T8=
-61,-26,RjBqaCLu/wqHg8U2RnXXicJm0aw=,w+RP8OpVJnwSFhRzw2NDdeHS7T8=
-60,-26,RjBqaCLu/wqHg8U2RnXXicJm0aw=,w+RP8OpVJnwSFhRzw2NDdeHS7T8=
-59,-26,RjBqaCLu/wqHg8U2RnXXicJm0aw=,w+RP8OpVJnwSFhRzw2NDdeHS7T8=
-58,-26,RjBqaCLu/wqHg8U2RnXXicJm0aw=,w+RP8OpVJnwSFhRzw2NDdeHS7T8=
-57,-26,RjBqaCLu/wqHg8U2RnXXicJm0aw=,w+RP8OpVJnwSFhRzw2NDdeHS7T8=
-63,-31,RjBqaCLu/wqHg8U2RnXXicJm0aw=,w+RP8OpVJnwSFhRzw2NDdeHS7T8=
-62,-31,RjBqaCLu/wqHg8U2RnXXicJm0aw=,w+RP8OpVJnwSFhRzw2NDdeHS7T8=
-61,-31,RjBqaCLu/wqHg8U2RnXXicJm0aw=,w+RP8OpVJnwSFhRzw2NDdeHS7T8=
-60,-31,RjBqaCLu/wqHg8U2RnXXicJm0aw=,w+RP8OpVJnwSFhRzw2NDdeHS7T8=
-59,-31,RjBqaCLu/wqHg8U2RnXXicJm0aw=,w+RP8OpVJnwSFhRzw2NDdeHS7T8=
-58,-31,RjBqaCLu/wqHg8U2RnXXicJm0aw=,w+RP8OpVJnwSFhRzw2NDdeHS7T8=
-57,-31,RjBqaCLu/wqHg8U2RnXXicJm0aw=,w+RP8OpVJnwSFhRzw2NDdeHS7T8=
-63,-30,RjBqaCLu/wqHg8U2RnXXicJm0aw=,w+RP8OpVJnwSFhRzw2NDdeHS7T8=
-62,-30,RjBqaCLu/wqHg8U2RnXXicJm0aw=,w+RP8OpVJnwSFhRzw2NDdeHS7T8=
-61,-30,RjBqaCLu/wqHg8U2RnXXicJm0aw=,w+RP8OpVJnwSFhRzw2NDdeHS7T8=
-60,-30,RjBqaCLu/wqHg8U2RnXXicJm0aw=,w+RP8OpVJnwSFhRzw2NDdeHS7T8=
-59,-30,RjBqaCLu/wqHg8U2RnXXicJm0aw=,w+RP8OpVJnwSFhRzw2NDdeHS7T8=
-58,-30,RjBqaCLu/wqHg8U2RnXXicJm0aw=,w+RP8OpVJnwSFhRzw2NDdeHS7T8=
-57,-30,RjBqaCLu/wqHg8U2RnXXicJm0aw=,w+RP8OpVJnwSFhRzw2NDdeHS7T8=
-63,-29,RjBqaCLu/wqHg8U2RnXXicJm0aw=,w+RP8OpVJnwSFhRzw2NDdeHS7T8=
-62,-29,RjBqaCLu/wqHg8U2RnXXicJm0aw=,w+RP8OpVJnwSFhRzw2NDdeHS7T8=
-61,-29,RjBqaCLu/wqHg8U2RnXXicJm0aw=,w+RP8OpVJnwSFhRzw2NDdeHS7T8=
-60,-29,RjBqaCLu/wqHg8U2RnXXicJm0aw=,w+RP8OpVJnwSFhRzw2NDdeHS7T8=
-59,-29,RjBqaCLu/wqHg8U2RnXXicJm0aw=,w+RP8OpVJnwSFhRzw2NDdeHS7T8=
-58,-29,RjBqaCLu/wqHg8U2RnXXicJm0aw=,w+RP8OpVJnwSFhRzw2NDdeHS7T8=
-57,-29,RjBqaCLu/wqHg8U2RnXXicJm0aw=,w+RP8OpVJnwSFhRzw2NDdeHS7T8=
-63,-28,RjBqaCLu/wqHg8U2RnXXicJm0aw=,w+RP8OpVJnwSFhRzw2NDdeHS7T8=
-62,-28,RjBqaCLu/wqHg8U2RnXXicJm0aw=,w+RP8OpVJnwSFhRzw2NDdeHS7T8=
-60,-28,RjBqaCLu/wqHg8U2RnXXicJm0aw=,w+RP8OpVJnwSFhRzw2NDdeHS7T8=
-61,-28,RjBqaCLu/wqHg8U2RnXXicJm0aw=,w+RP8OpVJnwSFhRzw2NDdeHS7T8=
-59,-28,RjBqaCLu/wqHg8U2RnXXicJm0aw=,w+RP8OpVJnwSFhRzw2NDdeHS7T8=
-58,-28,RjBqaCLu/wqHg8U2RnXXicJm0aw=,w+RP8OpVJnwSFhRzw2NDdeHS7T8=
-57,-28,RjBqaCLu/wqHg8U2RnXXicJm0aw=,w+RP8OpVJnwSFhRzw2NDdeHS7T8=
-55,-17,RjBqaCLu/wqHg8U2RnXXicJm0aw=,dXWj8RcmQ5mmV+gKScKPqnievzM=
-53,-17,RjBqaCLu/wqHg8U2RnXXicJm0aw=,dXWj8RcmQ5mmV+gKScKPqnievzM=
-54,-17,RjBqaCLu/wqHg8U2RnXXicJm0aw=,dXWj8RcmQ5mmV+gKScKPqnievzM=
-52,-17,RjBqaCLu/wqHg8U2RnXXicJm0aw=,dXWj8RcmQ5mmV+gKScKPqnievzM=
-51,-17,RjBqaCLu/wqHg8U2RnXXicJm0aw=,dXWj8RcmQ5mmV+gKScKPqnievzM=
-50,-17,RjBqaCLu/wqHg8U2RnXXicJm0aw=,dXWj8RcmQ5mmV+gKScKPqnievzM=
-63,-21,RjBqaCLu/wqHg8U2RnXXicJm0aw=,lL//7oOVJkdOz+MNH0htv5gSemE=
-64,-21,RjBqaCLu/wqHg8U2RnXXicJm0aw=,lL//7oOVJkdOz+MNH0htv5gSemE=
-56,-21,RjBqaCLu/wqHg8U2RnXXicJm0aw=,dXWj8RcmQ5mmV+gKScKPqnievzM=
-62,-21,RjBqaCLu/wqHg8U2RnXXicJm0aw=,lL//7oOVJkdOz+MNH0htv5gSemE=
-61,-21,RjBqaCLu/wqHg8U2RnXXicJm0aw=,lL//7oOVJkdOz+MNH0htv5gSemE=
-56,-24,RjBqaCLu/wqHg8U2RnXXicJm0aw=,dXWj8RcmQ5mmV+gKScKPqnievzM=
-60,-21,RjBqaCLu/wqHg8U2RnXXicJm0aw=,lL//7oOVJkdOz+MNH0htv5gSemE=
-58,-21,RjBqaCLu/wqHg8U2RnXXicJm0aw=,lL//7oOVJkdOz+MNH0htv5gSemE=
-59,-21,RjBqaCLu/wqHg8U2RnXXicJm0aw=,lL//7oOVJkdOz+MNH0htv5gSemE=
-57,-21,RjBqaCLu/wqHg8U2RnXXicJm0aw=,lL//7oOVJkdOz+MNH0htv5gSemE=
-64,-20,RjBqaCLu/wqHg8U2RnXXicJm0aw=,lL//7oOVJkdOz+MNH0htv5gSemE=
-62,-20,RjBqaCLu/wqHg8U2RnXXicJm0aw=,lL//7oOVJkdOz+MNH0htv5gSemE=
-63,-20,RjBqaCLu/wqHg8U2RnXXicJm0aw=,lL//7oOVJkdOz+MNH0htv5gSemE=
-61,-20,RjBqaCLu/wqHg8U2RnXXicJm0aw=,lL//7oOVJkdOz+MNH0htv5gSemE=
-56,-23,RjBqaCLu/wqHg8U2RnXXicJm0aw=,dXWj8RcmQ5mmV+gKScKPqnievzM=
-60,-20,RjBqaCLu/wqHg8U2RnXXicJm0aw=,lL//7oOVJkdOz+MNH0htv5gSemE=
-59,-20,RjBqaCLu/wqHg8U2RnXXicJm0aw=,lL//7oOVJkdOz+MNH0htv5gSemE=
-58,-20,RjBqaCLu/wqHg8U2RnXXicJm0aw=,lL//7oOVJkdOz+MNH0htv5gSemE=
-57,-20,RjBqaCLu/wqHg8U2RnXXicJm0aw=,lL//7oOVJkdOz+MNH0htv5gSemE=
-63,-25,RjBqaCLu/wqHg8U2RnXXicJm0aw=,w+RP8OpVJnwSFhRzw2NDdeHS7T8=
-62,-25,RjBqaCLu/wqHg8U2RnXXicJm0aw=,w+RP8OpVJnwSFhRzw2NDdeHS7T8=
-61,-25,RjBqaCLu/wqHg8U2RnXXicJm0aw=,w+RP8OpVJnwSFhRzw2NDdeHS7T8=
-60,-25,RjBqaCLu/wqHg8U2RnXXicJm0aw=,w+RP8OpVJnwSFhRzw2NDdeHS7T8=
-59,-25,RjBqaCLu/wqHg8U2RnXXicJm0aw=,w+RP8OpVJnwSFhRzw2NDdeHS7T8=
-57,-25,RjBqaCLu/wqHg8U2RnXXicJm0aw=,w+RP8OpVJnwSFhRzw2NDdeHS7T8=
-63,-24,RjBqaCLu/wqHg8U2RnXXicJm0aw=,lL//7oOVJkdOz+MNH0htv5gSemE=
-61,-19,RjBqaCLu/wqHg8U2RnXXicJm0aw=,lL//7oOVJkdOz+MNH0htv5gSemE=
-58,-25,RjBqaCLu/wqHg8U2RnXXicJm0aw=,w+RP8OpVJnwSFhRzw2NDdeHS7T8=
-60,-19,RjBqaCLu/wqHg8U2RnXXicJm0aw=,lL//7oOVJkdOz+MNH0htv5gSemE=
-59,-19,RjBqaCLu/wqHg8U2RnXXicJm0aw=,lL//7oOVJkdOz+MNH0htv5gSemE=
-62,-24,RjBqaCLu/wqHg8U2RnXXicJm0aw=,lL//7oOVJkdOz+MNH0htv5gSemE=
-61,-24,RjBqaCLu/wqHg8U2RnXXicJm0aw=,lL//7oOVJkdOz+MNH0htv5gSemE=
-60,-24,RjBqaCLu/wqHg8U2RnXXicJm0aw=,lL//7oOVJkdOz+MNH0htv5gSemE=
-58,-19,RjBqaCLu/wqHg8U2RnXXicJm0aw=,lL//7oOVJkdOz+MNH0htv5gSemE=
-57,-19,RjBqaCLu/wqHg8U2RnXXicJm0aw=,lL//7oOVJkdOz+MNH0htv5gSemE=
-56,-22,RjBqaCLu/wqHg8U2RnXXicJm0aw=,dXWj8RcmQ5mmV+gKScKPqnievzM=
-59,-24,RjBqaCLu/wqHg8U2RnXXicJm0aw=,lL//7oOVJkdOz+MNH0htv5gSemE=
-58,-24,RjBqaCLu/wqHg8U2RnXXicJm0aw=,lL//7oOVJkdOz+MNH0htv5gSemE=
-59,-18,RjBqaCLu/wqHg8U2RnXXicJm0aw=,lL//7oOVJkdOz+MNH0htv5gSemE=
-60,-18,RjBqaCLu/wqHg8U2RnXXicJm0aw=,lL//7oOVJkdOz+MNH0htv5gSemE=
-57,-24,RjBqaCLu/wqHg8U2RnXXicJm0aw=,lL//7oOVJkdOz+MNH0htv5gSemE=
-58,-18,RjBqaCLu/wqHg8U2RnXXicJm0aw=,lL//7oOVJkdOz+MNH0htv5gSemE=
-57,-18,RjBqaCLu/wqHg8U2RnXXicJm0aw=,lL//7oOVJkdOz+MNH0htv5gSemE=
-56,-19,RjBqaCLu/wqHg8U2RnXXicJm0aw=,dXWj8RcmQ5mmV+gKScKPqnievzM=
-64,-23,RjBqaCLu/wqHg8U2RnXXicJm0aw=,lL//7oOVJkdOz+MNH0htv5gSemE=
-63,-23,RjBqaCLu/wqHg8U2RnXXicJm0aw=,lL//7oOVJkdOz+MNH0htv5gSemE=
-62,-23,RjBqaCLu/wqHg8U2RnXXicJm0aw=,lL//7oOVJkdOz+MNH0htv5gSemE=
-56,-20,RjBqaCLu/wqHg8U2RnXXicJm0aw=,dXWj8RcmQ5mmV+gKScKPqnievzM=
-58,-22,RjBqaCLu/wqHg8U2RnXXicJm0aw=,lL//7oOVJkdOz+MNH0htv5gSemE=
-61,-23,RjBqaCLu/wqHg8U2RnXXicJm0aw=,lL//7oOVJkdOz+MNH0htv5gSemE=
-56,-18,RjBqaCLu/wqHg8U2RnXXicJm0aw=,dXWj8RcmQ5mmV+gKScKPqnievzM=
-60,-23,RjBqaCLu/wqHg8U2RnXXicJm0aw=,lL//7oOVJkdOz+MNH0htv5gSemE=
-59,-23,RjBqaCLu/wqHg8U2RnXXicJm0aw=,lL//7oOVJkdOz+MNH0htv5gSemE=
-58,-23,RjBqaCLu/wqHg8U2RnXXicJm0aw=,lL//7oOVJkdOz+MNH0htv5gSemE=
-57,-23,RjBqaCLu/wqHg8U2RnXXicJm0aw=,lL//7oOVJkdOz+MNH0htv5gSemE=
-64,-22,RjBqaCLu/wqHg8U2RnXXicJm0aw=,lL//7oOVJkdOz+MNH0htv5gSemE=
-63,-22,RjBqaCLu/wqHg8U2RnXXicJm0aw=,lL//7oOVJkdOz+MNH0htv5gSemE=
-62,-22,RjBqaCLu/wqHg8U2RnXXicJm0aw=,lL//7oOVJkdOz+MNH0htv5gSemE=
-61,-22,RjBqaCLu/wqHg8U2RnXXicJm0aw=,lL//7oOVJkdOz+MNH0htv5gSemE=
-60,-22,RjBqaCLu/wqHg8U2RnXXicJm0aw=,lL//7oOVJkdOz+MNH0htv5gSemE=
-59,-22,RjBqaCLu/wqHg8U2RnXXicJm0aw=,lL//7oOVJkdOz+MNH0htv5gSemE=
-57,-22,RjBqaCLu/wqHg8U2RnXXicJm0aw=,lL//7oOVJkdOz+MNH0htv5gSemE=
-55,-19,RjBqaCLu/wqHg8U2RnXXicJm0aw=,dXWj8RcmQ5mmV+gKScKPqnievzM=
-56,-17,RjBqaCLu/wqHg8U2RnXXicJm0aw=,dXWj8RcmQ5mmV+gKScKPqnievzM=
-60,-17,RjBqaCLu/wqHg8U2RnXXicJm0aw=,lL//7oOVJkdOz+MNH0htv5gSemE=
-59,-17,RjBqaCLu/wqHg8U2RnXXicJm0aw=,lL//7oOVJkdOz+MNH0htv5gSemE=
-58,-17,RjBqaCLu/wqHg8U2RnXXicJm0aw=,lL//7oOVJkdOz+MNH0htv5gSemE=
-57,-17,RjBqaCLu/wqHg8U2RnXXicJm0aw=,lL//7oOVJkdOz+MNH0htv5gSemE=
-63,-32,RjBqaCLu/wqHg8U2RnXXicJm0aw=,w+RP8OpVJnwSFhRzw2NDdeHS7T8=
-62,-32,RjBqaCLu/wqHg8U2RnXXicJm0aw=,w+RP8OpVJnwSFhRzw2NDdeHS7T8=
-61,-32,RjBqaCLu/wqHg8U2RnXXicJm0aw=,w+RP8OpVJnwSFhRzw2NDdeHS7T8=
-60,-32,RjBqaCLu/wqHg8U2RnXXicJm0aw=,w+RP8OpVJnwSFhRzw2NDdeHS7T8=
-59,-32,RjBqaCLu/wqHg8U2RnXXicJm0aw=,w+RP8OpVJnwSFhRzw2NDdeHS7T8=
-58,-32,RjBqaCLu/wqHg8U2RnXXicJm0aw=,w+RP8OpVJnwSFhRzw2NDdeHS7T8=
-57,-32,RjBqaCLu/wqHg8U2RnXXicJm0aw=,w+RP8OpVJnwSFhRzw2NDdeHS7T8=
-49,-18,RjBqaCLu/wqHg8U2RnXXicJm0aw=,dXWj8RcmQ5mmV+gKScKPqnievzM=
-49,-20,RjBqaCLu/wqHg8U2RnXXicJm0aw=,dXWj8RcmQ5mmV+gKScKPqnievzM=
-49,-21,RjBqaCLu/wqHg8U2RnXXicJm0aw=,dXWj8RcmQ5mmV+gKScKPqnievzM=
-49,-19,RjBqaCLu/wqHg8U2RnXXicJm0aw=,dXWj8RcmQ5mmV+gKScKPqnievzM=
-49,-23,RjBqaCLu/wqHg8U2RnXXicJm0aw=,dXWj8RcmQ5mmV+gKScKPqnievzM=
-61,-17,RjBqaCLu/wqHg8U2RnXXicJm0aw=,lL//7oOVJkdOz+MNH0htv5gSemE=
-62,-17,RjBqaCLu/wqHg8U2RnXXicJm0aw=,lL//7oOVJkdOz+MNH0htv5gSemE=
-49,-22,RjBqaCLu/wqHg8U2RnXXicJm0aw=,dXWj8RcmQ5mmV+gKScKPqnievzM=
-49,-24,RjBqaCLu/wqHg8U2RnXXicJm0aw=,dXWj8RcmQ5mmV+gKScKPqnievzM=
-63,-17,RjBqaCLu/wqHg8U2RnXXicJm0aw=,lL//7oOVJkdOz+MNH0htv5gSemE=
-61,-18,RjBqaCLu/wqHg8U2RnXXicJm0aw=,lL//7oOVJkdOz+MNH0htv5gSemE=
-49,-17,RjBqaCLu/wqHg8U2RnXXicJm0aw=,dXWj8RcmQ5mmV+gKScKPqnievzM=
-62,-18,RjBqaCLu/wqHg8U2RnXXicJm0aw=,lL//7oOVJkdOz+MNH0htv5gSemE=
-64,-19,RjBqaCLu/wqHg8U2RnXXicJm0aw=,lL//7oOVJkdOz+MNH0htv5gSemE=
-62,-19,RjBqaCLu/wqHg8U2RnXXicJm0aw=,lL//7oOVJkdOz+MNH0htv5gSemE=
-63,-18,RjBqaCLu/wqHg8U2RnXXicJm0aw=,lL//7oOVJkdOz+MNH0htv5gSemE=
-64,-18,RjBqaCLu/wqHg8U2RnXXicJm0aw=,lL//7oOVJkdOz+MNH0htv5gSemE=
-64,-17,RjBqaCLu/wqHg8U2RnXXicJm0aw=,lL//7oOVJkdOz+MNH0htv5gSemE=
-64,-27,RjBqaCLu/wqHg8U2RnXXicJm0aw=,w+RP8OpVJnwSFhRzw2NDdeHS7T8=
-64,-28,RjBqaCLu/wqHg8U2RnXXicJm0aw=,w+RP8OpVJnwSFhRzw2NDdeHS7T8=
-64,-26,RjBqaCLu/wqHg8U2RnXXicJm0aw=,w+RP8OpVJnwSFhRzw2NDdeHS7T8=
-64,-32,RjBqaCLu/wqHg8U2RnXXicJm0aw=,w+RP8OpVJnwSFhRzw2NDdeHS7T8=
-64,-29,RjBqaCLu/wqHg8U2RnXXicJm0aw=,w+RP8OpVJnwSFhRzw2NDdeHS7T8=
-64,-30,RjBqaCLu/wqHg8U2RnXXicJm0aw=,w+RP8OpVJnwSFhRzw2NDdeHS7T8=
-64,-31,RjBqaCLu/wqHg8U2RnXXicJm0aw=,w+RP8OpVJnwSFhRzw2NDdeHS7T8=
-64,-24,RjBqaCLu/wqHg8U2RnXXicJm0aw=,lL//7oOVJkdOz+MNH0htv5gSemE=
-63,-19,RjBqaCLu/wqHg8U2RnXXicJm0aw=,lL//7oOVJkdOz+MNH0htv5gSemE=
-64,-25,RjBqaCLu/wqHg8U2RnXXicJm0aw=,w+RP8OpVJnwSFhRzw2NDdeHS7T8=
-55,-14,s7WBQ06FwTDVIwYGXQENkD6eRGE=,y+qyhowK3pKA7YOEBllB6QtZR2Q=
-50,-15,s7WBQ06FwTDVIwYGXQENkD6eRGE=,y+qyhowK3pKA7YOEBllB6QtZR2Q=
-51,-15,s7WBQ06FwTDVIwYGXQENkD6eRGE=,y+qyhowK3pKA7YOEBllB6QtZR2Q=
-52,-15,s7WBQ06FwTDVIwYGXQENkD6eRGE=,y+qyhowK3pKA7YOEBllB6QtZR2Q=
-53,-15,s7WBQ06FwTDVIwYGXQENkD6eRGE=,y+qyhowK3pKA7YOEBllB6QtZR2Q=
-54,-15,s7WBQ06FwTDVIwYGXQENkD6eRGE=,y+qyhowK3pKA7YOEBllB6QtZR2Q=
-55,-15,s7WBQ06FwTDVIwYGXQENkD6eRGE=,y+qyhowK3pKA7YOEBllB6QtZR2Q=
-53,-11,s7WBQ06FwTDVIwYGXQENkD6eRGE=,y+qyhowK3pKA7YOEBllB6QtZR2Q=
-54,-11,s7WBQ06FwTDVIwYGXQENkD6eRGE=,y+qyhowK3pKA7YOEBllB6QtZR2Q=
-50,-12,s7WBQ06FwTDVIwYGXQENkD6eRGE=,y+qyhowK3pKA7YOEBllB6QtZR2Q=
-55,-11,s7WBQ06FwTDVIwYGXQENkD6eRGE=,y+qyhowK3pKA7YOEBllB6QtZR2Q=
-51,-12,s7WBQ06FwTDVIwYGXQENkD6eRGE=,y+qyhowK3pKA7YOEBllB6QtZR2Q=
-52,-12,s7WBQ06FwTDVIwYGXQENkD6eRGE=,y+qyhowK3pKA7YOEBllB6QtZR2Q=
-53,-12,s7WBQ06FwTDVIwYGXQENkD6eRGE=,y+qyhowK3pKA7YOEBllB6QtZR2Q=
-54,-12,s7WBQ06FwTDVIwYGXQENkD6eRGE=,y+qyhowK3pKA7YOEBllB6QtZR2Q=
-55,-12,s7WBQ06FwTDVIwYGXQENkD6eRGE=,y+qyhowK3pKA7YOEBllB6QtZR2Q=
-50,-13,s7WBQ06FwTDVIwYGXQENkD6eRGE=,y+qyhowK3pKA7YOEBllB6QtZR2Q=
-51,-13,s7WBQ06FwTDVIwYGXQENkD6eRGE=,y+qyhowK3pKA7YOEBllB6QtZR2Q=
-52,-13,s7WBQ06FwTDVIwYGXQENkD6eRGE=,y+qyhowK3pKA7YOEBllB6QtZR2Q=
-53,-13,s7WBQ06FwTDVIwYGXQENkD6eRGE=,y+qyhowK3pKA7YOEBllB6QtZR2Q=
-54,-13,s7WBQ06FwTDVIwYGXQENkD6eRGE=,y+qyhowK3pKA7YOEBllB6QtZR2Q=
-55,-13,s7WBQ06FwTDVIwYGXQENkD6eRGE=,y+qyhowK3pKA7YOEBllB6QtZR2Q=
-50,-14,s7WBQ06FwTDVIwYGXQENkD6eRGE=,y+qyhowK3pKA7YOEBllB6QtZR2Q=
-51,-14,s7WBQ06FwTDVIwYGXQENkD6eRGE=,y+qyhowK3pKA7YOEBllB6QtZR2Q=
-52,-14,s7WBQ06FwTDVIwYGXQENkD6eRGE=,y+qyhowK3pKA7YOEBllB6QtZR2Q=
-53,-14,s7WBQ06FwTDVIwYGXQENkD6eRGE=,y+qyhowK3pKA7YOEBllB6QtZR2Q=
-54,-14,s7WBQ06FwTDVIwYGXQENkD6eRGE=,y+qyhowK3pKA7YOEBllB6QtZR2Q=
-56,-14,s7WBQ06FwTDVIwYGXQENkD6eRGE=,y+qyhowK3pKA7YOEBllB6QtZR2Q=
-56,-13,s7WBQ06FwTDVIwYGXQENkD6eRGE=,y+qyhowK3pKA7YOEBllB6QtZR2Q=
-59,-15,s7WBQ06FwTDVIwYGXQENkD6eRGE=,Uh5DLw64Foxy9ZPwU6n8uYGQsUY=
-58,-15,s7WBQ06FwTDVIwYGXQENkD6eRGE=,Uh5DLw64Foxy9ZPwU6n8uYGQsUY=
-57,-15,s7WBQ06FwTDVIwYGXQENkD6eRGE=,Uh5DLw64Foxy9ZPwU6n8uYGQsUY=
-56,-12,s7WBQ06FwTDVIwYGXQENkD6eRGE=,y+qyhowK3pKA7YOEBllB6QtZR2Q=
-59,-14,s7WBQ06FwTDVIwYGXQENkD6eRGE=,Uh5DLw64Foxy9ZPwU6n8uYGQsUY=
-58,-14,s7WBQ06FwTDVIwYGXQENkD6eRGE=,Uh5DLw64Foxy9ZPwU6n8uYGQsUY=
-57,-14,s7WBQ06FwTDVIwYGXQENkD6eRGE=,Uh5DLw64Foxy9ZPwU6n8uYGQsUY=
-56,-11,s7WBQ06FwTDVIwYGXQENkD6eRGE=,y+qyhowK3pKA7YOEBllB6QtZR2Q=
-59,-13,s7WBQ06FwTDVIwYGXQENkD6eRGE=,Uh5DLw64Foxy9ZPwU6n8uYGQsUY=
-58,-13,s7WBQ06FwTDVIwYGXQENkD6eRGE=,Uh5DLw64Foxy9ZPwU6n8uYGQsUY=
-57,-13,s7WBQ06FwTDVIwYGXQENkD6eRGE=,Uh5DLw64Foxy9ZPwU6n8uYGQsUY=
-59,-10,s7WBQ06FwTDVIwYGXQENkD6eRGE=,Uh5DLw64Foxy9ZPwU6n8uYGQsUY=
-50,-3,s7WBQ06FwTDVIwYGXQENkD6eRGE=,6X6/QmRiChZLALpuz3nIA+MLlYQ=
-52,-4,s7WBQ06FwTDVIwYGXQENkD6eRGE=,6X6/QmRiChZLALpuz3nIA+MLlYQ=
-51,-4,s7WBQ06FwTDVIwYGXQENkD6eRGE=,6X6/QmRiChZLALpuz3nIA+MLlYQ=
-54,-5,s7WBQ06FwTDVIwYGXQENkD6eRGE=,6X6/QmRiChZLALpuz3nIA+MLlYQ=
-50,-4,s7WBQ06FwTDVIwYGXQENkD6eRGE=,6X6/QmRiChZLALpuz3nIA+MLlYQ=
-50,-2,s7WBQ06FwTDVIwYGXQENkD6eRGE=,6X6/QmRiChZLALpuz3nIA+MLlYQ=
-53,-5,s7WBQ06FwTDVIwYGXQENkD6eRGE=,6X6/QmRiChZLALpuz3nIA+MLlYQ=
-52,-5,s7WBQ06FwTDVIwYGXQENkD6eRGE=,6X6/QmRiChZLALpuz3nIA+MLlYQ=
-53,-3,s7WBQ06FwTDVIwYGXQENkD6eRGE=,6X6/QmRiChZLALpuz3nIA+MLlYQ=
-52,-3,s7WBQ06FwTDVIwYGXQENkD6eRGE=,6X6/QmRiChZLALpuz3nIA+MLlYQ=
-51,-5,s7WBQ06FwTDVIwYGXQENkD6eRGE=,6X6/QmRiChZLALpuz3nIA+MLlYQ=
-51,-7,s7WBQ06FwTDVIwYGXQENkD6eRGE=,6X6/QmRiChZLALpuz3nIA+MLlYQ=
-54,-6,s7WBQ06FwTDVIwYGXQENkD6eRGE=,6X6/QmRiChZLALpuz3nIA+MLlYQ=
-53,-6,s7WBQ06FwTDVIwYGXQENkD6eRGE=,6X6/QmRiChZLALpuz3nIA+MLlYQ=
-52,-6,s7WBQ06FwTDVIwYGXQENkD6eRGE=,6X6/QmRiChZLALpuz3nIA+MLlYQ=
-50,-5,s7WBQ06FwTDVIwYGXQENkD6eRGE=,6X6/QmRiChZLALpuz3nIA+MLlYQ=
-51,-6,s7WBQ06FwTDVIwYGXQENkD6eRGE=,6X6/QmRiChZLALpuz3nIA+MLlYQ=
-50,-6,s7WBQ06FwTDVIwYGXQENkD6eRGE=,6X6/QmRiChZLALpuz3nIA+MLlYQ=
-53,-2,s7WBQ06FwTDVIwYGXQENkD6eRGE=,6X6/QmRiChZLALpuz3nIA+MLlYQ=
-53,-4,s7WBQ06FwTDVIwYGXQENkD6eRGE=,6X6/QmRiChZLALpuz3nIA+MLlYQ=
-52,-2,s7WBQ06FwTDVIwYGXQENkD6eRGE=,6X6/QmRiChZLALpuz3nIA+MLlYQ=
-51,-2,s7WBQ06FwTDVIwYGXQENkD6eRGE=,6X6/QmRiChZLALpuz3nIA+MLlYQ=
-51,-3,s7WBQ06FwTDVIwYGXQENkD6eRGE=,6X6/QmRiChZLALpuz3nIA+MLlYQ=
-57,-5,s7WBQ06FwTDVIwYGXQENkD6eRGE=,kdnB71GIT5QjKSxVIwl2q08F0Z4=
-57,-11,s7WBQ06FwTDVIwYGXQENkD6eRGE=,Uh5DLw64Foxy9ZPwU6n8uYGQsUY=
-58,-11,s7WBQ06FwTDVIwYGXQENkD6eRGE=,Uh5DLw64Foxy9ZPwU6n8uYGQsUY=
-58,-7,s7WBQ06FwTDVIwYGXQENkD6eRGE=,kdnB71GIT5QjKSxVIwl2q08F0Z4=
-57,-10,s7WBQ06FwTDVIwYGXQENkD6eRGE=,Uh5DLw64Foxy9ZPwU6n8uYGQsUY=
-60,-10,s7WBQ06FwTDVIwYGXQENkD6eRGE=,Uh5DLw64Foxy9ZPwU6n8uYGQsUY=
-56,-9,s7WBQ06FwTDVIwYGXQENkD6eRGE=,y+qyhowK3pKA7YOEBllB6QtZR2Q=
-59,-11,s7WBQ06FwTDVIwYGXQENkD6eRGE=,Uh5DLw64Foxy9ZPwU6n8uYGQsUY=
-53,-9,s7WBQ06FwTDVIwYGXQENkD6eRGE=,y+qyhowK3pKA7YOEBllB6QtZR2Q=
-58,-10,s7WBQ06FwTDVIwYGXQENkD6eRGE=,Uh5DLw64Foxy9ZPwU6n8uYGQsUY=
-57,-9,s7WBQ06FwTDVIwYGXQENkD6eRGE=,Uh5DLw64Foxy9ZPwU6n8uYGQsUY=
-60,-9,s7WBQ06FwTDVIwYGXQENkD6eRGE=,Uh5DLw64Foxy9ZPwU6n8uYGQsUY=
-58,-9,s7WBQ06FwTDVIwYGXQENkD6eRGE=,Uh5DLw64Foxy9ZPwU6n8uYGQsUY=
-59,-9,s7WBQ06FwTDVIwYGXQENkD6eRGE=,Uh5DLw64Foxy9ZPwU6n8uYGQsUY=
-60,-11,s7WBQ06FwTDVIwYGXQENkD6eRGE=,Uh5DLw64Foxy9ZPwU6n8uYGQsUY=
-54,-9,s7WBQ06FwTDVIwYGXQENkD6eRGE=,y+qyhowK3pKA7YOEBllB6QtZR2Q=
-56,-6,s7WBQ06FwTDVIwYGXQENkD6eRGE=,6X6/QmRiChZLALpuz3nIA+MLlYQ=
-55,-6,s7WBQ06FwTDVIwYGXQENkD6eRGE=,6X6/QmRiChZLALpuz3nIA+MLlYQ=
-56,-10,s7WBQ06FwTDVIwYGXQENkD6eRGE=,y+qyhowK3pKA7YOEBllB6QtZR2Q=
-63,-12,s7WBQ06FwTDVIwYGXQENkD6eRGE=,Uh5DLw64Foxy9ZPwU6n8uYGQsUY=
-60,-12,s7WBQ06FwTDVIwYGXQENkD6eRGE=,Uh5DLw64Foxy9ZPwU6n8uYGQsUY=
-59,-12,s7WBQ06FwTDVIwYGXQENkD6eRGE=,Uh5DLw64Foxy9ZPwU6n8uYGQsUY=
-56,-15,s7WBQ06FwTDVIwYGXQENkD6eRGE=,y+qyhowK3pKA7YOEBllB6QtZR2Q=
-58,-12,s7WBQ06FwTDVIwYGXQENkD6eRGE=,Uh5DLw64Foxy9ZPwU6n8uYGQsUY=
-57,-12,s7WBQ06FwTDVIwYGXQENkD6eRGE=,Uh5DLw64Foxy9ZPwU6n8uYGQsUY=
-55,-9,s7WBQ06FwTDVIwYGXQENkD6eRGE=,y+qyhowK3pKA7YOEBllB6QtZR2Q=
-54,-8,s7WBQ06FwTDVIwYGXQENkD6eRGE=,6X6/QmRiChZLALpuz3nIA+MLlYQ=
-55,-10,s7WBQ06FwTDVIwYGXQENkD6eRGE=,y+qyhowK3pKA7YOEBllB6QtZR2Q=
-60,-8,s7WBQ06FwTDVIwYGXQENkD6eRGE=,kdnB71GIT5QjKSxVIwl2q08F0Z4=
-59,-8,s7WBQ06FwTDVIwYGXQENkD6eRGE=,kdnB71GIT5QjKSxVIwl2q08F0Z4=
-58,-8,s7WBQ06FwTDVIwYGXQENkD6eRGE=,kdnB71GIT5QjKSxVIwl2q08F0Z4=
-61,-1,s7WBQ06FwTDVIwYGXQENkD6eRGE=,kdnB71GIT5QjKSxVIwl2q08F0Z4=
-57,-8,RyAQB2x1nHR5MVBVFuHyVrOrc/A=,kdnB71GIT5QjKSxVIwl2q08F0Z4=
-54,-10,RyAQB2x1nHR5MVBVFuHyVrOrc/A=,y+qyhowK3pKA7YOEBllB6QtZR2Q=
-56,-5,RyAQB2x1nHR5MVBVFuHyVrOrc/A=,6X6/QmRiChZLALpuz3nIA+MLlYQ=
-62,-1,RyAQB2x1nHR5MVBVFuHyVrOrc/A=,kdnB71GIT5QjKSxVIwl2q08F0Z4=
-60,-7,RyAQB2x1nHR5MVBVFuHyVrOrc/A=,kdnB71GIT5QjKSxVIwl2q08F0Z4=
-53,-10,RyAQB2x1nHR5MVBVFuHyVrOrc/A=,y+qyhowK3pKA7YOEBllB6QtZR2Q=
-59,-7,RyAQB2x1nHR5MVBVFuHyVrOrc/A=,kdnB71GIT5QjKSxVIwl2q08F0Z4=
-63,-1,RyAQB2x1nHR5MVBVFuHyVrOrc/A=,kdnB71GIT5QjKSxVIwl2q08F0Z4=
-50,-1,RyAQB2x1nHR5MVBVFuHyVrOrc/A=,6X6/QmRiChZLALpuz3nIA+MLlYQ=
-49,-4,RyAQB2x1nHR5MVBVFuHyVrOrc/A=,6X6/QmRiChZLALpuz3nIA+MLlYQ=
-49,-2,RyAQB2x1nHR5MVBVFuHyVrOrc/A=,6X6/QmRiChZLALpuz3nIA+MLlYQ=
-64,-2,RyAQB2x1nHR5MVBVFuHyVrOrc/A=,kdnB71GIT5QjKSxVIwl2q08F0Z4=
-57,-1,RyAQB2x1nHR5MVBVFuHyVrOrc/A=,kdnB71GIT5QjKSxVIwl2q08F0Z4=
-49,-6,RyAQB2x1nHR5MVBVFuHyVrOrc/A=,6X6/QmRiChZLALpuz3nIA+MLlYQ=
-49,-5,RyAQB2x1nHR5MVBVFuHyVrOrc/A=,6X6/QmRiChZLALpuz3nIA+MLlYQ=
-49,-7,RyAQB2x1nHR5MVBVFuHyVrOrc/A=,6X6/QmRiChZLALpuz3nIA+MLlYQ=
-49,-3,RyAQB2x1nHR5MVBVFuHyVrOrc/A=,6X6/QmRiChZLALpuz3nIA+MLlYQ=
-57,-7,RyAQB2x1nHR5MVBVFuHyVrOrc/A=,kdnB71GIT5QjKSxVIwl2q08F0Z4=
-58,-1,RyAQB2x1nHR5MVBVFuHyVrOrc/A=,kdnB71GIT5QjKSxVIwl2q08F0Z4=
-55,-8,RyAQB2x1nHR5MVBVFuHyVrOrc/A=,6X6/QmRiChZLALpuz3nIA+MLlYQ=
-53,-8,RyAQB2x1nHR5MVBVFuHyVrOrc/A=,6X6/QmRiChZLALpuz3nIA+MLlYQ=
-55,-16,RyAQB2x1nHR5MVBVFuHyVrOrc/A=,y+qyhowK3pKA7YOEBllB6QtZR2Q=
-54,-16,RyAQB2x1nHR5MVBVFuHyVrOrc/A=,y+qyhowK3pKA7YOEBllB6QtZR2Q=
-53,-16,RyAQB2x1nHR5MVBVFuHyVrOrc/A=,y+qyhowK3pKA7YOEBllB6QtZR2Q=
-52,-16,RyAQB2x1nHR5MVBVFuHyVrOrc/A=,y+qyhowK3pKA7YOEBllB6QtZR2Q=
-51,-16,RyAQB2x1nHR5MVBVFuHyVrOrc/A=,y+qyhowK3pKA7YOEBllB6QtZR2Q=
-50,-16,RyAQB2x1nHR5MVBVFuHyVrOrc/A=,y+qyhowK3pKA7YOEBllB6QtZR2Q=
-55,-5,RyAQB2x1nHR5MVBVFuHyVrOrc/A=,6X6/QmRiChZLALpuz3nIA+MLlYQ=
-64,-3,RyAQB2x1nHR5MVBVFuHyVrOrc/A=,kdnB71GIT5QjKSxVIwl2q08F0Z4=
-59,-1,RyAQB2x1nHR5MVBVFuHyVrOrc/A=,kdnB71GIT5QjKSxVIwl2q08F0Z4=
-51,-1,RyAQB2x1nHR5MVBVFuHyVrOrc/A=,6X6/QmRiChZLALpuz3nIA+MLlYQ=
-60,-1,RyAQB2x1nHR5MVBVFuHyVrOrc/A=,kdnB71GIT5QjKSxVIwl2q08F0Z4=
-49,-14,RyAQB2x1nHR5MVBVFuHyVrOrc/A=,y+qyhowK3pKA7YOEBllB6QtZR2Q=
-52,-1,RyAQB2x1nHR5MVBVFuHyVrOrc/A=,6X6/QmRiChZLALpuz3nIA+MLlYQ=
-60,-4,RyAQB2x1nHR5MVBVFuHyVrOrc/A=,kdnB71GIT5QjKSxVIwl2q08F0Z4=
-64,-4,RyAQB2x1nHR5MVBVFuHyVrOrc/A=,kdnB71GIT5QjKSxVIwl2q08F0Z4=
-53,-7,RyAQB2x1nHR5MVBVFuHyVrOrc/A=,6X6/QmRiChZLALpuz3nIA+MLlYQ=
-49,-8,RyAQB2x1nHR5MVBVFuHyVrOrc/A=,6X6/QmRiChZLALpuz3nIA+MLlYQ=
-55,-7,RyAQB2x1nHR5MVBVFuHyVrOrc/A=,6X6/QmRiChZLALpuz3nIA+MLlYQ=
-50,-7,RyAQB2x1nHR5MVBVFuHyVrOrc/A=,6X6/QmRiChZLALpuz3nIA+MLlYQ=
-53,-1,RyAQB2x1nHR5MVBVFuHyVrOrc/A=,6X6/QmRiChZLALpuz3nIA+MLlYQ=
-54,-7,RyAQB2x1nHR5MVBVFuHyVrOrc/A=,6X6/QmRiChZLALpuz3nIA+MLlYQ=
-52,-7,RyAQB2x1nHR5MVBVFuHyVrOrc/A=,6X6/QmRiChZLALpuz3nIA+MLlYQ=
-63,-4,RyAQB2x1nHR5MVBVFuHyVrOrc/A=,kdnB71GIT5QjKSxVIwl2q08F0Z4=
-56,-7,RyAQB2x1nHR5MVBVFuHyVrOrc/A=,6X6/QmRiChZLALpuz3nIA+MLlYQ=
-59,-4,RyAQB2x1nHR5MVBVFuHyVrOrc/A=,kdnB71GIT5QjKSxVIwl2q08F0Z4=
-58,-5,RyAQB2x1nHR5MVBVFuHyVrOrc/A=,kdnB71GIT5QjKSxVIwl2q08F0Z4=
-60,-6,RyAQB2x1nHR5MVBVFuHyVrOrc/A=,kdnB71GIT5QjKSxVIwl2q08F0Z4=
-49,-15,RyAQB2x1nHR5MVBVFuHyVrOrc/A=,y+qyhowK3pKA7YOEBllB6QtZR2Q=
-56,-8,RyAQB2x1nHR5MVBVFuHyVrOrc/A=,6X6/QmRiChZLALpuz3nIA+MLlYQ=
-62,-4,RyAQB2x1nHR5MVBVFuHyVrOrc/A=,kdnB71GIT5QjKSxVIwl2q08F0Z4=
-60,-16,RyAQB2x1nHR5MVBVFuHyVrOrc/A=,Uh5DLw64Foxy9ZPwU6n8uYGQsUY=
-59,-16,RyAQB2x1nHR5MVBVFuHyVrOrc/A=,Uh5DLw64Foxy9ZPwU6n8uYGQsUY=
-56,-16,RyAQB2x1nHR5MVBVFuHyVrOrc/A=,y+qyhowK3pKA7YOEBllB6QtZR2Q=
-58,-16,RyAQB2x1nHR5MVBVFuHyVrOrc/A=,Uh5DLw64Foxy9ZPwU6n8uYGQsUY=
-57,-16,RyAQB2x1nHR5MVBVFuHyVrOrc/A=,Uh5DLw64Foxy9ZPwU6n8uYGQsUY=
-60,-13,RyAQB2x1nHR5MVBVFuHyVrOrc/A=,Uh5DLw64Foxy9ZPwU6n8uYGQsUY=
-60,-14,RyAQB2x1nHR5MVBVFuHyVrOrc/A=,Uh5DLw64Foxy9ZPwU6n8uYGQsUY=
-60,-15,RyAQB2x1nHR5MVBVFuHyVrOrc/A=,Uh5DLw64Foxy9ZPwU6n8uYGQsUY=
-61,-4,RyAQB2x1nHR5MVBVFuHyVrOrc/A=,kdnB71GIT5QjKSxVIwl2q08F0Z4=
-58,-4,RyAQB2x1nHR5MVBVFuHyVrOrc/A=,kdnB71GIT5QjKSxVIwl2q08F0Z4=
-50,-8,RyAQB2x1nHR5MVBVFuHyVrOrc/A=,6X6/QmRiChZLALpuz3nIA+MLlYQ=
-63,-3,RyAQB2x1nHR5MVBVFuHyVrOrc/A=,kdnB71GIT5QjKSxVIwl2q08F0Z4=
-57,-4,RyAQB2x1nHR5MVBVFuHyVrOrc/A=,kdnB71GIT5QjKSxVIwl2q08F0Z4=
-59,-5,RyAQB2x1nHR5MVBVFuHyVrOrc/A=,kdnB71GIT5QjKSxVIwl2q08F0Z4=
-55,-1,RyAQB2x1nHR5MVBVFuHyVrOrc/A=,6X6/QmRiChZLALpuz3nIA+MLlYQ=
-51,-8,RyAQB2x1nHR5MVBVFuHyVrOrc/A=,6X6/QmRiChZLALpuz3nIA+MLlYQ=
-59,-6,RyAQB2x1nHR5MVBVFuHyVrOrc/A=,kdnB71GIT5QjKSxVIwl2q08F0Z4=
-58,-6,RyAQB2x1nHR5MVBVFuHyVrOrc/A=,kdnB71GIT5QjKSxVIwl2q08F0Z4=
-60,-3,RyAQB2x1nHR5MVBVFuHyVrOrc/A=,kdnB71GIT5QjKSxVIwl2q08F0Z4=
-62,-3,RyAQB2x1nHR5MVBVFuHyVrOrc/A=,kdnB71GIT5QjKSxVIwl2q08F0Z4=
-57,-6,RyAQB2x1nHR5MVBVFuHyVrOrc/A=,kdnB71GIT5QjKSxVIwl2q08F0Z4=
-55,-3,RyAQB2x1nHR5MVBVFuHyVrOrc/A=,6X6/QmRiChZLALpuz3nIA+MLlYQ=
-60,-5,RyAQB2x1nHR5MVBVFuHyVrOrc/A=,kdnB71GIT5QjKSxVIwl2q08F0Z4=
-59,-3,RyAQB2x1nHR5MVBVFuHyVrOrc/A=,kdnB71GIT5QjKSxVIwl2q08F0Z4=
-61,-3,RyAQB2x1nHR5MVBVFuHyVrOrc/A=,kdnB71GIT5QjKSxVIwl2q08F0Z4=
-52,-8,RyAQB2x1nHR5MVBVFuHyVrOrc/A=,6X6/QmRiChZLALpuz3nIA+MLlYQ=
-49,-13,RyAQB2x1nHR5MVBVFuHyVrOrc/A=,y+qyhowK3pKA7YOEBllB6QtZR2Q=
-49,-12,RyAQB2x1nHR5MVBVFuHyVrOrc/A=,y+qyhowK3pKA7YOEBllB6QtZR2Q=
-49,-16,RyAQB2x1nHR5MVBVFuHyVrOrc/A=,y+qyhowK3pKA7YOEBllB6QtZR2Q=
-63,-2,RyAQB2x1nHR5MVBVFuHyVrOrc/A=,kdnB71GIT5QjKSxVIwl2q08F0Z4=
-49,-10,RyAQB2x1nHR5MVBVFuHyVrOrc/A=,y+qyhowK3pKA7YOEBllB6QtZR2Q=
-62,-2,RyAQB2x1nHR5MVBVFuHyVrOrc/A=,kdnB71GIT5QjKSxVIwl2q08F0Z4=
-54,-1,RyAQB2x1nHR5MVBVFuHyVrOrc/A=,6X6/QmRiChZLALpuz3nIA+MLlYQ=
-58,-3,RyAQB2x1nHR5MVBVFuHyVrOrc/A=,kdnB71GIT5QjKSxVIwl2q08F0Z4=
-49,-11,RyAQB2x1nHR5MVBVFuHyVrOrc/A=,y+qyhowK3pKA7YOEBllB6QtZR2Q=
-61,-2,RyAQB2x1nHR5MVBVFuHyVrOrc/A=,kdnB71GIT5QjKSxVIwl2q08F0Z4=
-64,-1,RyAQB2x1nHR5MVBVFuHyVrOrc/A=,kdnB71GIT5QjKSxVIwl2q08F0Z4=
-57,-3,RyAQB2x1nHR5MVBVFuHyVrOrc/A=,kdnB71GIT5QjKSxVIwl2q08F0Z4=
-49,-1,RyAQB2x1nHR5MVBVFuHyVrOrc/A=,6X6/QmRiChZLALpuz3nIA+MLlYQ=
-58,-2,RyAQB2x1nHR5MVBVFuHyVrOrc/A=,kdnB71GIT5QjKSxVIwl2q08F0Z4=
-56,-1,RyAQB2x1nHR5MVBVFuHyVrOrc/A=,6X6/QmRiChZLALpuz3nIA+MLlYQ=
-54,-4,RyAQB2x1nHR5MVBVFuHyVrOrc/A=,6X6/QmRiChZLALpuz3nIA+MLlYQ=
-55,-2,RyAQB2x1nHR5MVBVFuHyVrOrc/A=,6X6/QmRiChZLALpuz3nIA+MLlYQ=
-59,-2,RyAQB2x1nHR5MVBVFuHyVrOrc/A=,kdnB71GIT5QjKSxVIwl2q08F0Z4=
-54,-2,RyAQB2x1nHR5MVBVFuHyVrOrc/A=,6X6/QmRiChZLALpuz3nIA+MLlYQ=
-56,-2,RyAQB2x1nHR5MVBVFuHyVrOrc/A=,6X6/QmRiChZLALpuz3nIA+MLlYQ=
-56,-4,RyAQB2x1nHR5MVBVFuHyVrOrc/A=,6X6/QmRiChZLALpuz3nIA+MLlYQ=
-56,-3,RyAQB2x1nHR5MVBVFuHyVrOrc/A=,6X6/QmRiChZLALpuz3nIA+MLlYQ=
-64,-11,RyAQB2x1nHR5MVBVFuHyVrOrc/A=,Uh5DLw64Foxy9ZPwU6n8uYGQsUY=
-64,-16,RyAQB2x1nHR5MVBVFuHyVrOrc/A=,Uh5DLw64Foxy9ZPwU6n8uYGQsUY=
-64,-12,RyAQB2x1nHR5MVBVFuHyVrOrc/A=,Uh5DLw64Foxy9ZPwU6n8uYGQsUY=
-54,-3,RyAQB2x1nHR5MVBVFuHyVrOrc/A=,6X6/QmRiChZLALpuz3nIA+MLlYQ=
-64,-13,RyAQB2x1nHR5MVBVFuHyVrOrc/A=,Uh5DLw64Foxy9ZPwU6n8uYGQsUY=
-55,-4,RyAQB2x1nHR5MVBVFuHyVrOrc/A=,6X6/QmRiChZLALpuz3nIA+MLlYQ=
-49,-9,RyAQB2x1nHR5MVBVFuHyVrOrc/A=,y+qyhowK3pKA7YOEBllB6QtZR2Q=
-64,-14,RyAQB2x1nHR5MVBVFuHyVrOrc/A=,Uh5DLw64Foxy9ZPwU6n8uYGQsUY=
-60,-2,RyAQB2x1nHR5MVBVFuHyVrOrc/A=,kdnB71GIT5QjKSxVIwl2q08F0Z4=
-57,-2,RyAQB2x1nHR5MVBVFuHyVrOrc/A=,kdnB71GIT5QjKSxVIwl2q08F0Z4=
-52,-11,RyAQB2x1nHR5MVBVFuHyVrOrc/A=,y+qyhowK3pKA7YOEBllB6QtZR2Q=
-61,-15,RyAQB2x1nHR5MVBVFuHyVrOrc/A=,Uh5DLw64Foxy9ZPwU6n8uYGQsUY=
-63,-15,RyAQB2x1nHR5MVBVFuHyVrOrc/A=,Uh5DLw64Foxy9ZPwU6n8uYGQsUY=
-64,-15,RyAQB2x1nHR5MVBVFuHyVrOrc/A=,Uh5DLw64Foxy9ZPwU6n8uYGQsUY=
-50,-11,RyAQB2x1nHR5MVBVFuHyVrOrc/A=,y+qyhowK3pKA7YOEBllB6QtZR2Q=
-50,-10,RyAQB2x1nHR5MVBVFuHyVrOrc/A=,y+qyhowK3pKA7YOEBllB6QtZR2Q=
-62,-15,RyAQB2x1nHR5MVBVFuHyVrOrc/A=,Uh5DLw64Foxy9ZPwU6n8uYGQsUY=
-64,-8,RyAQB2x1nHR5MVBVFuHyVrOrc/A=,kdnB71GIT5QjKSxVIwl2q08F0Z4=
-63,-13,RyAQB2x1nHR5MVBVFuHyVrOrc/A=,Uh5DLw64Foxy9ZPwU6n8uYGQsUY=
-51,-11,RyAQB2x1nHR5MVBVFuHyVrOrc/A=,y+qyhowK3pKA7YOEBllB6QtZR2Q=
-50,-9,RyAQB2x1nHR5MVBVFuHyVrOrc/A=,y+qyhowK3pKA7YOEBllB6QtZR2Q=
-61,-14,RyAQB2x1nHR5MVBVFuHyVrOrc/A=,Uh5DLw64Foxy9ZPwU6n8uYGQsUY=
-51,-9,nsJ1bMkHmr7wsfgQwW4yEg0FawY=,y+qyhowK3pKA7YOEBllB6QtZR2Q=
-64,-10,nsJ1bMkHmr7wsfgQwW4yEg0FawY=,Uh5DLw64Foxy9ZPwU6n8uYGQsUY=
-52,-9,nsJ1bMkHmr7wsfgQwW4yEg0FawY=,y+qyhowK3pKA7YOEBllB6QtZR2Q=
-51,-10,nsJ1bMkHmr7wsfgQwW4yEg0FawY=,y+qyhowK3pKA7YOEBllB6QtZR2Q=
-52,-10,nsJ1bMkHmr7wsfgQwW4yEg0FawY=,y+qyhowK3pKA7YOEBllB6QtZR2Q=
-61,-16,nsJ1bMkHmr7wsfgQwW4yEg0FawY=,Uh5DLw64Foxy9ZPwU6n8uYGQsUY=
-64,-9,nsJ1bMkHmr7wsfgQwW4yEg0FawY=,Uh5DLw64Foxy9ZPwU6n8uYGQsUY=
-62,-14,nsJ1bMkHmr7wsfgQwW4yEg0FawY=,Uh5DLw64Foxy9ZPwU6n8uYGQsUY=
-63,-8,nsJ1bMkHmr7wsfgQwW4yEg0FawY=,kdnB71GIT5QjKSxVIwl2q08F0Z4=
-63,-14,nsJ1bMkHmr7wsfgQwW4yEg0FawY=,Uh5DLw64Foxy9ZPwU6n8uYGQsUY=
-63,-16,nsJ1bMkHmr7wsfgQwW4yEg0FawY=,Uh5DLw64Foxy9ZPwU6n8uYGQsUY=
-63,-11,nsJ1bMkHmr7wsfgQwW4yEg0FawY=,Uh5DLw64Foxy9ZPwU6n8uYGQsUY=
-61,-12,nsJ1bMkHmr7wsfgQwW4yEg0FawY=,Uh5DLw64Foxy9ZPwU6n8uYGQsUY=
-62,-11,nsJ1bMkHmr7wsfgQwW4yEg0FawY=,Uh5DLw64Foxy9ZPwU6n8uYGQsUY=
-64,-6,nsJ1bMkHmr7wsfgQwW4yEg0FawY=,kdnB71GIT5QjKSxVIwl2q08F0Z4=
-62,-16,nsJ1bMkHmr7wsfgQwW4yEg0FawY=,Uh5DLw64Foxy9ZPwU6n8uYGQsUY=
-64,-7,nsJ1bMkHmr7wsfgQwW4yEg0FawY=,kdnB71GIT5QjKSxVIwl2q08F0Z4=
-62,-12,nsJ1bMkHmr7wsfgQwW4yEg0FawY=,Uh5DLw64Foxy9ZPwU6n8uYGQsUY=
-61,-11,nsJ1bMkHmr7wsfgQwW4yEg0FawY=,Uh5DLw64Foxy9ZPwU6n8uYGQsUY=
-62,-8,nsJ1bMkHmr7wsfgQwW4yEg0FawY=,kdnB71GIT5QjKSxVIwl2q08F0Z4=
-61,-8,nsJ1bMkHmr7wsfgQwW4yEg0FawY=,kdnB71GIT5QjKSxVIwl2q08F0Z4=
-62,-7,nsJ1bMkHmr7wsfgQwW4yEg0FawY=,kdnB71GIT5QjKSxVIwl2q08F0Z4=
-61,-7,nsJ1bMkHmr7wsfgQwW4yEg0FawY=,kdnB71GIT5QjKSxVIwl2q08F0Z4=
-64,-5,nsJ1bMkHmr7wsfgQwW4yEg0FawY=,kdnB71GIT5QjKSxVIwl2q08F0Z4=
-61,-6,nsJ1bMkHmr7wsfgQwW4yEg0FawY=,kdnB71GIT5QjKSxVIwl2q08F0Z4=
-63,-10,nsJ1bMkHmr7wsfgQwW4yEg0FawY=,Uh5DLw64Foxy9ZPwU6n8uYGQsUY=
-63,-6,nsJ1bMkHmr7wsfgQwW4yEg0FawY=,kdnB71GIT5QjKSxVIwl2q08F0Z4=
-63,-7,nsJ1bMkHmr7wsfgQwW4yEg0FawY=,kdnB71GIT5QjKSxVIwl2q08F0Z4=
-61,-10,nsJ1bMkHmr7wsfgQwW4yEg0FawY=,Uh5DLw64Foxy9ZPwU6n8uYGQsUY=
-61,-5,nsJ1bMkHmr7wsfgQwW4yEg0FawY=,kdnB71GIT5QjKSxVIwl2q08F0Z4=
-62,-10,nsJ1bMkHmr7wsfgQwW4yEg0FawY=,Uh5DLw64Foxy9ZPwU6n8uYGQsUY=
-61,-13,nsJ1bMkHmr7wsfgQwW4yEg0FawY=,Uh5DLw64Foxy9ZPwU6n8uYGQsUY=
-62,-9,nsJ1bMkHmr7wsfgQwW4yEg0FawY=,Uh5DLw64Foxy9ZPwU6n8uYGQsUY=
-63,-9,nsJ1bMkHmr7wsfgQwW4yEg0FawY=,Uh5DLw64Foxy9ZPwU6n8uYGQsUY=
-63,-5,nsJ1bMkHmr7wsfgQwW4yEg0FawY=,kdnB71GIT5QjKSxVIwl2q08F0Z4=
-62,-5,nsJ1bMkHmr7wsfgQwW4yEg0FawY=,kdnB71GIT5QjKSxVIwl2q08F0Z4=
-62,-6,nsJ1bMkHmr7wsfgQwW4yEg0FawY=,kdnB71GIT5QjKSxVIwl2q08F0Z4=
-61,-9,nsJ1bMkHmr7wsfgQwW4yEg0FawY=,Uh5DLw64Foxy9ZPwU6n8uYGQsUY=
-62,-13,nsJ1bMkHmr7wsfgQwW4yEg0FawY=,Uh5DLw64Foxy9ZPwU6n8uYGQsUY=
