72,145,2tqm0CwZVuCwCYWf/7pErnsSckY=,jhznR0J001WKDa20vGeSLCM0cIg=
78,144,2tqm0CwZVuCwCYWf/7pErnsSckY=,jhznR0J001WKDa20vGeSLCM0cIg=
77,144,2tqm0CwZVuCwCYWf/7pErnsSckY=,jhznR0J001WKDa20vGeSLCM0cIg=
76,144,2tqm0CwZVuCwCYWf/7pErnsSckY=,jhznR0J001WKDa20vGeSLCM0cIg=
75,144,2tqm0CwZVuCwCYWf/7pErnsSckY=,jhznR0J001WKDa20vGeSLCM0cIg=
74,144,2tqm0CwZVuCwCYWf/7pErnsSckY=,jhznR0J001WKDa20vGeSLCM0cIg=
73,144,2tqm0CwZVuCwCYWf/7pErnsSckY=,jhznR0J001WKDa20vGeSLCM0cIg=
79,150,2tqm0CwZVuCwCYWf/7pErnsSckY=,jhznR0J001WKDa20vGeSLCM0cIg=
78,150,2tqm0CwZVuCwCYWf/7pErnsSckY=,jhznR0J001WKDa20vGeSLCM0cIg=
77,150,2tqm0CwZVuCwCYWf/7pErnsSckY=,jhznR0J001WKDa20vGeSLCM0cIg=
76,150,2tqm0CwZVuCwCYWf/7pErnsSckY=,jhznR0J001WKDa20vGeSLCM0cIg=
75,150,2tqm0CwZVuCwCYWf/7pErnsSckY=,jhznR0J001WKDa20vGeSLCM0cIg=
74,150,2tqm0CwZVuCwCYWf/7pErnsSckY=,jhznR0J001WKDa20vGeSLCM0cIg=
73,150,2tqm0CwZVuCwCYWf/7pErnsSckY=,jhznR0J001WKDa20vGeSLCM0cIg=
72,150,2tqm0CwZVuCwCYWf/7pErnsSckY=,jhznR0J001WKDa20vGeSLCM0cIg=
79,149,2tqm0CwZVuCwCYWf/7pErnsSckY=,jhznR0J001WKDa20vGeSLCM0cIg=
78,149,2tqm0CwZVuCwCYWf/7pErnsSckY=,jhznR0J001WKDa20vGeSLCM0cIg=
77,149,2tqm0CwZVuCwCYWf/7pErnsSckY=,jhznR0J001WKDa20vGeSLCM0cIg=
76,149,2tqm0CwZVuCwCYWf/7pErnsSckY=,jhznR0J001WKDa20vGeSLCM0cIg=
75,149,2tqm0CwZVuCwCYWf/7pErnsSckY=,jhznR0J001WKDa20vGeSLCM0cIg=
74,149,2tqm0CwZVuCwCYWf/7pErnsSckY=,jhznR0J001WKDa20vGeSLCM0cIg=
73,149,2tqm0CwZVuCwCYWf/7pErnsSckY=,jhznR0J001WKDa20vGeSLCM0cIg=
72,149,2tqm0CwZVuCwCYWf/7pErnsSckY=,jhznR0J001WKDa20vGeSLCM0cIg=
79,148,2tqm0CwZVuCwCYWf/7pErnsSckY=,jhznR0J001WKDa20vGeSLCM0cIg=
78,148,2tqm0CwZVuCwCYWf/7pErnsSckY=,jhznR0J001WKDa20vGeSLCM0cIg=
77,148,2tqm0CwZVuCwCYWf/7pErnsSckY=,jhznR0J001WKDa20vGeSLCM0cIg=
76,148,2tqm0CwZVuCwCYWf/7pErnsSckY=,jhznR0J001WKDa20vGeSLCM0cIg=
75,148,2tqm0CwZVuCwCYWf/7pErnsSckY=,jhznR0J001WKDa20vGeSLCM0cIg=
74,148,2tqm0CwZVuCwCYWf/7pErnsSckY=,jhznR0J001WKDa20vGeSLCM0cIg=
73,148,2tqm0CwZVuCwCYWf/7pErnsSckY=,jhznR0J001WKDa20vGeSLCM0cIg=
72,148,2tqm0CwZVuCwCYWf/7pErnsSckY=,jhznR0J001WKDa20vGeSLCM0cIg=
79,147,2tqm0CwZVuCwCYWf/7pErnsSckY=,jhznR0J001WKDa20vGeSLCM0cIg=
78,147,2tqm0CwZVuCwCYWf/7pErnsSckY=,jhznR0J001WKDa20vGeSLCM0cIg=
77,147,2tqm0CwZVuCwCYWf/7pErnsSckY=,jhznR0J001WKDa20vGeSLCM0cIg=
76,147,2tqm0CwZVuCwCYWf/7pErnsSckY=,jhznR0J001WKDa20vGeSLCM0cIg=
75,147,2tqm0CwZVuCwCYWf/7pErnsSckY=,jhznR0J001WKDa20vGeSLCM0cIg=
74,147,2tqm0CwZVuCwCYWf/7pErnsSckY=,jhznR0J001WKDa20vGeSLCM0cIg=
73,147,2tqm0CwZVuCwCYWf/7pErnsSckY=,jhznR0J001WKDa20vGeSLCM0cIg=
72,147,2tqm0CwZVuCwCYWf/7pErnsSckY=,jhznR0J001WKDa20vGeSLCM0cIg=
79,146,2tqm0CwZVuCwCYWf/7pErnsSckY=,jhznR0J001WKDa20vGeSLCM0cIg=
78,146,2tqm0CwZVuCwCYWf/7pErnsSckY=,jhznR0J001WKDa20vGeSLCM0cIg=
77,146,2tqm0CwZVuCwCYWf/7pErnsSckY=,jhznR0J001WKDa20vGeSLCM0cIg=
76,146,2tqm0CwZVuCwCYWf/7pErnsSckY=,jhznR0J001WKDa20vGeSLCM0cIg=
75,146,2tqm0CwZVuCwCYWf/7pErnsSckY=,jhznR0J001WKDa20vGeSLCM0cIg=
74,146,2tqm0CwZVuCwCYWf/7pErnsSckY=,jhznR0J001WKDa20vGeSLCM0cIg=
73,146,2tqm0CwZVuCwCYWf/7pErnsSckY=,jhznR0J001WKDa20vGeSLCM0cIg=
72,146,2tqm0CwZVuCwCYWf/7pErnsSckY=,jhznR0J001WKDa20vGeSLCM0cIg=
79,145,2tqm0CwZVuCwCYWf/7pErnsSckY=,jhznR0J001WKDa20vGeSLCM0cIg=
78,145,2tqm0CwZVuCwCYWf/7pErnsSckY=,jhznR0J001WKDa20vGeSLCM0cIg=
77,145,2tqm0CwZVuCwCYWf/7pErnsSckY=,jhznR0J001WKDa20vGeSLCM0cIg=
76,145,2tqm0CwZVuCwCYWf/7pErnsSckY=,jhznR0J001WKDa20vGeSLCM0cIg=
75,145,2tqm0CwZVuCwCYWf/7pErnsSckY=,jhznR0J001WKDa20vGeSLCM0cIg=
74,145,2tqm0CwZVuCwCYWf/7pErnsSckY=,jhznR0J001WKDa20vGeSLCM0cIg=
73,145,2tqm0CwZVuCwCYWf/7pErnsSckY=,jhznR0J001WKDa20vGeSLCM0cIg=
79,144,2tqm0CwZVuCwCYWf/7pErnsSckY=,jhznR0J001WKDa20vGeSLCM0cIg=
72,144,2tqm0CwZVuCwCYWf/7pErnsSckY=,jhznR0J001WKDa20vGeSLCM0cIg=
74,152,2tqm0CwZVuCwCYWf/7pErnsSckY=,/HSUUu8GRRaWcL4USwJ9ePxj9bo=
75,152,2tqm0CwZVuCwCYWf/7pErnsSckY=,/HSUUu8GRRaWcL4USwJ9ePxj9bo=
74,154,2tqm0CwZVuCwCYWf/7pErnsSckY=,/HSUUu8GRRaWcL4USwJ9ePxj9bo=
75,154,2tqm0CwZVuCwCYWf/7pErnsSckY=,/HSUUu8GRRaWcL4USwJ9ePxj9bo=
77,153,2tqm0CwZVuCwCYWf/7pErnsSckY=,/HSUUu8GRRaWcL4USwJ9ePxj9bo=
78,153,2tqm0CwZVuCwCYWf/7pErnsSckY=,/HSUUu8GRRaWcL4USwJ9ePxj9bo=
79,158,2tqm0CwZVuCwCYWf/7pErnsSckY=,/HSUUu8GRRaWcL4USwJ9ePxj9bo=
76,152,2tqm0CwZVuCwCYWf/7pErnsSckY=,/HSUUu8GRRaWcL4USwJ9ePxj9bo=
76,153,2tqm0CwZVuCwCYWf/7pErnsSckY=,/HSUUu8GRRaWcL4USwJ9ePxj9bo=
77,152,2tqm0CwZVuCwCYWf/7pErnsSckY=,/HSUUu8GRRaWcL4USwJ9ePxj9bo=
72,159,2tqm0CwZVuCwCYWf/7pErnsSckY=,/HSUUu8GRRaWcL4USwJ9ePxj9bo=
76,154,2tqm0CwZVuCwCYWf/7pErnsSckY=,/HSUUu8GRRaWcL4USwJ9ePxj9bo=
78,154,2tqm0CwZVuCwCYWf/7pErnsSckY=,/HSUUu8GRRaWcL4USwJ9ePxj9bo=
73,159,2tqm0CwZVuCwCYWf/7pErnsSckY=,/HSUUu8GRRaWcL4USwJ9ePxj9bo=
79,152,2tqm0CwZVuCwCYWf/7pErnsSckY=,/HSUUu8GRRaWcL4USwJ9ePxj9bo=
78,152,2tqm0CwZVuCwCYWf/7pErnsSckY=,/HSUUu8GRRaWcL4USwJ9ePxj9bo=
74,159,2tqm0CwZVuCwCYWf/7pErnsSckY=,/HSUUu8GRRaWcL4USwJ9ePxj9bo=
77,154,2tqm0CwZVuCwCYWf/7pErnsSckY=,/HSUUu8GRRaWcL4USwJ9ePxj9bo=
74,156,2tqm0CwZVuCwCYWf/7pErnsSckY=,/HSUUu8GRRaWcL4USwJ9ePxj9bo=
73,156,2tqm0CwZVuCwCYWf/7pErnsSckY=,/HSUUu8GRRaWcL4USwJ9ePxj9bo=
79,151,2tqm0CwZVuCwCYWf/7pErnsSckY=,jhznR0J001WKDa20vGeSLCM0cIg=
72,156,2tqm0CwZVuCwCYWf/7pErnsSckY=,/HSUUu8GRRaWcL4USwJ9ePxj9bo=
78,151,2tqm0CwZVuCwCYWf/7pErnsSckY=,jhznR0J001WKDa20vGeSLCM0cIg=
75,156,2tqm0CwZVuCwCYWf/7pErnsSckY=,/HSUUu8GRRaWcL4USwJ9ePxj9bo=
78,158,2tqm0CwZVuCwCYWf/7pErnsSckY=,/HSUUu8GRRaWcL4USwJ9ePxj9bo=
77,158,2tqm0CwZVuCwCYWf/7pErnsSckY=,/HSUUu8GRRaWcL4USwJ9ePxj9bo=
79,154,2tqm0CwZVuCwCYWf/7pErnsSckY=,/HSUUu8GRRaWcL4USwJ9ePxj9bo=
79,157,2tqm0CwZVuCwCYWf/7pErnsSckY=,/HSUUu8GRRaWcL4USwJ9ePxj9bo=
72,158,2tqm0CwZVuCwCYWf/7pErnsSckY=,/HSUUu8GRRaWcL4USwJ9ePxj9bo=
72,153,2tqm0CwZVuCwCYWf/7pErnsSckY=,/HSUUu8GRRaWcL4USwJ9ePxj9bo=
72,155,2tqm0CwZVuCwCYWf/7pErnsSckY=,/HSUUu8GRRaWcL4USwJ9ePxj9bo=
73,153,2tqm0CwZVuCwCYWf/7pErnsSckY=,/HSUUu8GRRaWcL4USwJ9ePxj9bo=
74,153,2tqm0CwZVuCwCYWf/7pErnsSckY=,/HSUUu8GRRaWcL4USwJ9ePxj9bo=
73,158,2tqm0CwZVuCwCYWf/7pErnsSckY=,/HSUUu8GRRaWcL4USwJ9ePxj9bo=
78,159,2tqm0CwZVuCwCYWf/7pErnsSckY=,/HSUUu8GRRaWcL4USwJ9ePxj9bo=
79,153,2tqm0CwZVuCwCYWf/7pErnsSckY=,/HSUUu8GRRaWcL4USwJ9ePxj9bo=
73,155,2tqm0CwZVuCwCYWf/7pErnsSckY=,/HSUUu8GRRaWcL4USwJ9ePxj9bo=
72,152,2tqm0CwZVuCwCYWf/7pErnsSckY=,/HSUUu8GRRaWcL4USwJ9ePxj9bo=
74,155,2tqm0CwZVuCwCYWf/7pErnsSckY=,/HSUUu8GRRaWcL4USwJ9ePxj9bo=
79,159,2tqm0CwZVuCwCYWf/7pErnsSckY=,/HSUUu8GRRaWcL4USwJ9ePxj9bo=
75,159,2tqm0CwZVuCwCYWf/7pErnsSckY=,/HSUUu8GRRaWcL4USwJ9ePxj9bo=
74,158,2tqm0CwZVuCwCYWf/7pErnsSckY=,/HSUUu8GRRaWcL4USwJ9ePxj9bo=
72,154,2tqm0CwZVuCwCYWf/7pErnsSckY=,/HSUUu8GRRaWcL4USwJ9ePxj9bo=
76,159,2tqm0CwZVuCwCYWf/7pErnsSckY=,/HSUUu8GRRaWcL4USwJ9ePxj9bo=
75,153,2tqm0CwZVuCwCYWf/7pErnsSckY=,/HSUUu8GRRaWcL4USwJ9ePxj9bo=
76,157,2tqm0CwZVuCwCYWf/7pErnsSckY=,/HSUUu8GRRaWcL4USwJ9ePxj9bo=
77,151,2tqm0CwZVuCwCYWf/7pErnsSckY=,jhznR0J001WKDa20vGeSLCM0cIg=
73,154,2tqm0CwZVuCwCYWf/7pErnsSckY=,/HSUUu8GRRaWcL4USwJ9ePxj9bo=
76,151,2tqm0CwZVuCwCYWf/7pErnsSckY=,jhznR0J001WKDa20vGeSLCM0cIg=
75,151,2tqm0CwZVuCwCYWf/7pErnsSckY=,jhznR0J001WKDa20vGeSLCM0cIg=
76,156,2tqm0CwZVuCwCYWf/7pErnsSckY=,/HSUUu8GRRaWcL4USwJ9ePxj9bo=
75,157,2tqm0CwZVuCwCYWf/7pErnsSckY=,/HSUUu8GRRaWcL4USwJ9ePxj9bo=
74,151,2tqm0CwZVuCwCYWf/7pErnsSckY=,jhznR0J001WKDa20vGeSLCM0cIg=
79,155,2tqm0CwZVuCwCYWf/7pErnsSckY=,/HSUUu8GRRaWcL4USwJ9ePxj9bo=
73,151,2tqm0CwZVuCwCYWf/7pErnsSckY=,jhznR0J001WKDa20vGeSLCM0cIg=
72,151,2tqm0CwZVuCwCYWf/7pErnsSckY=,jhznR0J001WKDa20vGeSLCM0cIg=
73,157,2tqm0CwZVuCwCYWf/7pErnsSckY=,/HSUUu8GRRaWcL4USwJ9ePxj9bo=
74,157,2tqm0CwZVuCwCYWf/7pErnsSckY=,/HSUUu8GRRaWcL4USwJ9ePxj9bo=
73,152,2tqm0CwZVuCwCYWf/7pErnsSckY=,/HSUUu8GRRaWcL4USwJ9ePxj9bo=
72,157,2tqm0CwZVuCwCYWf/7pErnsSckY=,/HSUUu8GRRaWcL4USwJ9ePxj9bo=
76,158,2tqm0CwZVuCwCYWf/7pErnsSckY=,/HSUUu8GRRaWcL4USwJ9ePxj9bo=
75,155,2tqm0CwZVuCwCYWf/7pErnsSckY=,/HSUUu8GRRaWcL4USwJ9ePxj9bo=
78,157,2tqm0CwZVuCwCYWf/7pErnsSckY=,/HSUUu8GRRaWcL4USwJ9ePxj9bo=
75,158,2tqm0CwZVuCwCYWf/7pErnsSckY=,/HSUUu8GRRaWcL4USwJ9ePxj9bo=
77,159,2tqm0CwZVuCwCYWf/7pErnsSckY=,/HSUUu8GRRaWcL4USwJ9ePxj9bo=
77,156,2tqm0CwZVuCwCYWf/7pErnsSckY=,/HSUUu8GRRaWcL4USwJ9ePxj9bo=
77,157,2tqm0CwZVuCwCYWf/7pErnsSckY=,/HSUUu8GRRaWcL4USwJ9ePxj9bo=
78,155,2tqm0CwZVuCwCYWf/7pErnsSckY=,/HSUUu8GRRaWcL4USwJ9ePxj9bo=
78,156,2tqm0CwZVuCwCYWf/7pErnsSckY=,/HSUUu8GRRaWcL4USwJ9ePxj9bo=
77,155,2tqm0CwZVuCwCYWf/7pErnsSckY=,/HSUUu8GRRaWcL4USwJ9ePxj9bo=
79,156,2tqm0CwZVuCwCYWf/7pErnsSckY=,/HSUUu8GRRaWcL4USwJ9ePxj9bo=
76,155,2tqm0CwZVuCwCYWf/7pErnsSckY=,/HSUUu8GRRaWcL4USwJ9ePxj9bo=
80,147,dk1aPVa8H6LF6Io4AnesFUoOo3I=,jhznR0J001WKDa20vGeSLCM0cIg=
83,150,dk1aPVa8H6LF6Io4AnesFUoOo3I=,jhznR0J001WKDa20vGeSLCM0cIg=
87,145,dk1aPVa8H6LF6Io4AnesFUoOo3I=,jhznR0J001WKDa20vGeSLCM0cIg=
86,146,dk1aPVa8H6LF6Io4AnesFUoOo3I=,jhznR0J001WKDa20vGeSLCM0cIg=
87,146,dk1aPVa8H6LF6Io4AnesFUoOo3I=,jhznR0J001WKDa20vGeSLCM0cIg=
85,145,dk1aPVa8H6LF6Io4AnesFUoOo3I=,jhznR0J001WKDa20vGeSLCM0cIg=
85,146,dk1aPVa8H6LF6Io4AnesFUoOo3I=,jhznR0J001WKDa20vGeSLCM0cIg=
81,150,dk1aPVa8H6LF6Io4AnesFUoOo3I=,jhznR0J001WKDa20vGeSLCM0cIg=
82,150,dk1aPVa8H6LF6Io4AnesFUoOo3I=,jhznR0J001WKDa20vGeSLCM0cIg=
84,146,dk1aPVa8H6LF6Io4AnesFUoOo3I=,jhznR0J001WKDa20vGeSLCM0cIg=
84,145,dk1aPVa8H6LF6Io4AnesFUoOo3I=,jhznR0J001WKDa20vGeSLCM0cIg=
83,146,dk1aPVa8H6LF6Io4AnesFUoOo3I=,jhznR0J001WKDa20vGeSLCM0cIg=
81,149,dk1aPVa8H6LF6Io4AnesFUoOo3I=,jhznR0J001WKDa20vGeSLCM0cIg=
80,150,dk1aPVa8H6LF6Io4AnesFUoOo3I=,jhznR0J001WKDa20vGeSLCM0cIg=
81,148,dk1aPVa8H6LF6Io4AnesFUoOo3I=,jhznR0J001WKDa20vGeSLCM0cIg=
87,149,dk1aPVa8H6LF6Io4AnesFUoOo3I=,jhznR0J001WKDa20vGeSLCM0cIg=
80,148,dk1aPVa8H6LF6Io4AnesFUoOo3I=,jhznR0J001WKDa20vGeSLCM0cIg=
85,149,dk1aPVa8H6LF6Io4AnesFUoOo3I=,jhznR0J001WKDa20vGeSLCM0cIg=
86,149,dk1aPVa8H6LF6Io4AnesFUoOo3I=,jhznR0J001WKDa20vGeSLCM0cIg=
87,147,dk1aPVa8H6LF6Io4AnesFUoOo3I=,jhznR0J001WKDa20vGeSLCM0cIg=
86,147,dk1aPVa8H6LF6Io4AnesFUoOo3I=,jhznR0J001WKDa20vGeSLCM0cIg=
85,147,dk1aPVa8H6LF6Io4AnesFUoOo3I=,jhznR0J001WKDa20vGeSLCM0cIg=
84,147,dk1aPVa8H6LF6Io4AnesFUoOo3I=,jhznR0J001WKDa20vGeSLCM0cIg=
84,149,dk1aPVa8H6LF6Io4AnesFUoOo3I=,jhznR0J001WKDa20vGeSLCM0cIg=
82,146,dk1aPVa8H6LF6Io4AnesFUoOo3I=,jhznR0J001WKDa20vGeSLCM0cIg=
83,147,dk1aPVa8H6LF6Io4AnesFUoOo3I=,jhznR0J001WKDa20vGeSLCM0cIg=
80,149,dk1aPVa8H6LF6Io4AnesFUoOo3I=,jhznR0J001WKDa20vGeSLCM0cIg=
83,149,dk1aPVa8H6LF6Io4AnesFUoOo3I=,jhznR0J001WKDa20vGeSLCM0cIg=
87,148,dk1aPVa8H6LF6Io4AnesFUoOo3I=,jhznR0J001WKDa20vGeSLCM0cIg=
83,145,dk1aPVa8H6LF6Io4AnesFUoOo3I=,jhznR0J001WKDa20vGeSLCM0cIg=
84,144,dk1aPVa8H6LF6Io4AnesFUoOo3I=,jhznR0J001WKDa20vGeSLCM0cIg=
86,148,dk1aPVa8H6LF6Io4AnesFUoOo3I=,jhznR0J001WKDa20vGeSLCM0cIg=
85,144,dk1aPVa8H6LF6Io4AnesFUoOo3I=,jhznR0J001WKDa20vGeSLCM0cIg=
86,144,dk1aPVa8H6LF6Io4AnesFUoOo3I=,jhznR0J001WKDa20vGeSLCM0cIg=
81,144,dk1aPVa8H6LF6Io4AnesFUoOo3I=,jhznR0J001WKDa20vGeSLCM0cIg=
82,144,dk1aPVa8H6LF6Io4AnesFUoOo3I=,jhznR0J001WKDa20vGeSLCM0cIg=
83,144,dk1aPVa8H6LF6Io4AnesFUoOo3I=,jhznR0J001WKDa20vGeSLCM0cIg=
80,144,dk1aPVa8H6LF6Io4AnesFUoOo3I=,jhznR0J001WKDa20vGeSLCM0cIg=
87,144,dk1aPVa8H6LF6Io4AnesFUoOo3I=,jhznR0J001WKDa20vGeSLCM0cIg=
82,145,dk1aPVa8H6LF6Io4AnesFUoOo3I=,jhznR0J001WKDa20vGeSLCM0cIg=
85,148,dk1aPVa8H6LF6Io4AnesFUoOo3I=,jhznR0J001WKDa20vGeSLCM0cIg=
81,146,dk1aPVa8H6LF6Io4AnesFUoOo3I=,jhznR0J001WKDa20vGeSLCM0cIg=
81,145,dk1aPVa8H6LF6Io4AnesFUoOo3I=,jhznR0J001WKDa20vGeSLCM0cIg=
80,145,dk1aPVa8H6LF6Io4AnesFUoOo3I=,jhznR0J001WKDa20vGeSLCM0cIg=
84,148,dk1aPVa8H6LF6Io4AnesFUoOo3I=,jhznR0J001WKDa20vGeSLCM0cIg=
80,146,dk1aPVa8H6LF6Io4AnesFUoOo3I=,jhznR0J001WKDa20vGeSLCM0cIg=
82,147,dk1aPVa8H6LF6Io4AnesFUoOo3I=,jhznR0J001WKDa20vGeSLCM0cIg=
82,149,dk1aPVa8H6LF6Io4AnesFUoOo3I=,jhznR0J001WKDa20vGeSLCM0cIg=
86,150,dk1aPVa8H6LF6Io4AnesFUoOo3I=,jhznR0J001WKDa20vGeSLCM0cIg=
87,150,dk1aPVa8H6LF6Io4AnesFUoOo3I=,jhznR0J001WKDa20vGeSLCM0cIg=
81,147,dk1aPVa8H6LF6Io4AnesFUoOo3I=,jhznR0J001WKDa20vGeSLCM0cIg=
85,150,dk1aPVa8H6LF6Io4AnesFUoOo3I=,jhznR0J001WKDa20vGeSLCM0cIg=
86,145,dk1aPVa8H6LF6Io4AnesFUoOo3I=,jhznR0J001WKDa20vGeSLCM0cIg=
83,148,dk1aPVa8H6LF6Io4AnesFUoOo3I=,jhznR0J001WKDa20vGeSLCM0cIg=
84,150,dk1aPVa8H6LF6Io4AnesFUoOo3I=,jhznR0J001WKDa20vGeSLCM0cIg=
82,148,dk1aPVa8H6LF6Io4AnesFUoOo3I=,jhznR0J001WKDa20vGeSLCM0cIg=
86,156,dk1aPVa8H6LF6Io4AnesFUoOo3I=,RNQpmhJe9vAMRmD6vPBkc6LydZc=
87,156,dk1aPVa8H6LF6Io4AnesFUoOo3I=,RNQpmhJe9vAMRmD6vPBkc6LydZc=
85,156,dk1aPVa8H6LF6Io4AnesFUoOo3I=,RNQpmhJe9vAMRmD6vPBkc6LydZc=
84,156,dk1aPVa8H6LF6Io4AnesFUoOo3I=,RNQpmhJe9vAMRmD6vPBkc6LydZc=
80,157,dk1aPVa8H6LF6Io4AnesFUoOo3I=,RNQpmhJe9vAMRmD6vPBkc6LydZc=
82,156,dk1aPVa8H6LF6Io4AnesFUoOo3I=,RNQpmhJe9vAMRmD6vPBkc6LydZc=
83,156,dk1aPVa8H6LF6Io4AnesFUoOo3I=,RNQpmhJe9vAMRmD6vPBkc6LydZc=
81,157,dk1aPVa8H6LF6Io4AnesFUoOo3I=,RNQpmhJe9vAMRmD6vPBkc6LydZc=
80,156,dk1aPVa8H6LF6Io4AnesFUoOo3I=,RNQpmhJe9vAMRmD6vPBkc6LydZc=
82,157,dk1aPVa8H6LF6Io4AnesFUoOo3I=,RNQpmhJe9vAMRmD6vPBkc6LydZc=
81,156,dk1aPVa8H6LF6Io4AnesFUoOo3I=,RNQpmhJe9vAMRmD6vPBkc6LydZc=
86,155,dk1aPVa8H6LF6Io4AnesFUoOo3I=,RNQpmhJe9vAMRmD6vPBkc6LydZc=
87,155,dk1aPVa8H6LF6Io4AnesFUoOo3I=,RNQpmhJe9vAMRmD6vPBkc6LydZc=
83,157,dk1aPVa8H6LF6Io4AnesFUoOo3I=,RNQpmhJe9vAMRmD6vPBkc6LydZc=
84,155,dk1aPVa8H6LF6Io4AnesFUoOo3I=,RNQpmhJe9vAMRmD6vPBkc6LydZc=
83,155,dk1aPVa8H6LF6Io4AnesFUoOo3I=,RNQpmhJe9vAMRmD6vPBkc6LydZc=
82,155,dk1aPVa8H6LF6Io4AnesFUoOo3I=,RNQpmhJe9vAMRmD6vPBkc6LydZc=
84,157,dk1aPVa8H6LF6Io4AnesFUoOo3I=,RNQpmhJe9vAMRmD6vPBkc6LydZc=
85,155,dk1aPVa8H6LF6Io4AnesFUoOo3I=,RNQpmhJe9vAMRmD6vPBkc6LydZc=
80,155,dk1aPVa8H6LF6Io4AnesFUoOo3I=,RNQpmhJe9vAMRmD6vPBkc6LydZc=
81,155,dk1aPVa8H6LF6Io4AnesFUoOo3I=,RNQpmhJe9vAMRmD6vPBkc6LydZc=
85,157,dk1aPVa8H6LF6Io4AnesFUoOo3I=,RNQpmhJe9vAMRmD6vPBkc6LydZc=
87,154,dk1aPVa8H6LF6Io4AnesFUoOo3I=,RNQpmhJe9vAMRmD6vPBkc6LydZc=
86,157,dk1aPVa8H6LF6Io4AnesFUoOo3I=,RNQpmhJe9vAMRmD6vPBkc6LydZc=
86,154,dk1aPVa8H6LF6Io4AnesFUoOo3I=,RNQpmhJe9vAMRmD6vPBkc6LydZc=
85,154,dk1aPVa8H6LF6Io4AnesFUoOo3I=,RNQpmhJe9vAMRmD6vPBkc6LydZc=
84,154,dk1aPVa8H6LF6Io4AnesFUoOo3I=,RNQpmhJe9vAMRmD6vPBkc6LydZc=
83,154,dk1aPVa8H6LF6Io4AnesFUoOo3I=,RNQpmhJe9vAMRmD6vPBkc6LydZc=
87,157,dk1aPVa8H6LF6Io4AnesFUoOo3I=,RNQpmhJe9vAMRmD6vPBkc6LydZc=
82,154,dk1aPVa8H6LF6Io4AnesFUoOo3I=,RNQpmhJe9vAMRmD6vPBkc6LydZc=
81,154,dk1aPVa8H6LF6Io4AnesFUoOo3I=,RNQpmhJe9vAMRmD6vPBkc6LydZc=
80,154,dk1aPVa8H6LF6Io4AnesFUoOo3I=,RNQpmhJe9vAMRmD6vPBkc6LydZc=
87,153,dk1aPVa8H6LF6Io4AnesFUoOo3I=,RNQpmhJe9vAMRmD6vPBkc6LydZc=
86,153,dk1aPVa8H6LF6Io4AnesFUoOo3I=,RNQpmhJe9vAMRmD6vPBkc6LydZc=
80,158,dk1aPVa8H6LF6Io4AnesFUoOo3I=,RNQpmhJe9vAMRmD6vPBkc6LydZc=
85,153,dk1aPVa8H6LF6Io4AnesFUoOo3I=,RNQpmhJe9vAMRmD6vPBkc6LydZc=
84,153,dk1aPVa8H6LF6Io4AnesFUoOo3I=,RNQpmhJe9vAMRmD6vPBkc6LydZc=
81,158,dk1aPVa8H6LF6Io4AnesFUoOo3I=,RNQpmhJe9vAMRmD6vPBkc6LydZc=
83,153,dk1aPVa8H6LF6Io4AnesFUoOo3I=,RNQpmhJe9vAMRmD6vPBkc6LydZc=
82,153,dk1aPVa8H6LF6Io4AnesFUoOo3I=,RNQpmhJe9vAMRmD6vPBkc6LydZc=
81,153,dk1aPVa8H6LF6Io4AnesFUoOo3I=,RNQpmhJe9vAMRmD6vPBkc6LydZc=
82,158,dk1aPVa8H6LF6Io4AnesFUoOo3I=,RNQpmhJe9vAMRmD6vPBkc6LydZc=
80,153,dk1aPVa8H6LF6Io4AnesFUoOo3I=,RNQpmhJe9vAMRmD6vPBkc6LydZc=
87,152,dk1aPVa8H6LF6Io4AnesFUoOo3I=,RNQpmhJe9vAMRmD6vPBkc6LydZc=
86,152,dk1aPVa8H6LF6Io4AnesFUoOo3I=,RNQpmhJe9vAMRmD6vPBkc6LydZc=
85,152,dk1aPVa8H6LF6Io4AnesFUoOo3I=,RNQpmhJe9vAMRmD6vPBkc6LydZc=
84,152,dk1aPVa8H6LF6Io4AnesFUoOo3I=,RNQpmhJe9vAMRmD6vPBkc6LydZc=
84,158,dk1aPVa8H6LF6Io4AnesFUoOo3I=,RNQpmhJe9vAMRmD6vPBkc6LydZc=
83,152,dk1aPVa8H6LF6Io4AnesFUoOo3I=,RNQpmhJe9vAMRmD6vPBkc6LydZc=
83,158,dk1aPVa8H6LF6Io4AnesFUoOo3I=,RNQpmhJe9vAMRmD6vPBkc6LydZc=
85,158,dk1aPVa8H6LF6Io4AnesFUoOo3I=,RNQpmhJe9vAMRmD6vPBkc6LydZc=
82,152,dk1aPVa8H6LF6Io4AnesFUoOo3I=,RNQpmhJe9vAMRmD6vPBkc6LydZc=
81,152,dk1aPVa8H6LF6Io4AnesFUoOo3I=,RNQpmhJe9vAMRmD6vPBkc6LydZc=
80,152,dk1aPVa8H6LF6Io4AnesFUoOo3I=,RNQpmhJe9vAMRmD6vPBkc6LydZc=
87,151,dk1aPVa8H6LF6Io4AnesFUoOo3I=,jhznR0J001WKDa20vGeSLCM0cIg=
80,151,dk1aPVa8H6LF6Io4AnesFUoOo3I=,jhznR0J001WKDa20vGeSLCM0cIg=
87,159,dk1aPVa8H6LF6Io4AnesFUoOo3I=,RNQpmhJe9vAMRmD6vPBkc6LydZc=
86,151,dk1aPVa8H6LF6Io4AnesFUoOo3I=,jhznR0J001WKDa20vGeSLCM0cIg=
86,159,dk1aPVa8H6LF6Io4AnesFUoOo3I=,RNQpmhJe9vAMRmD6vPBkc6LydZc=
81,151,dk1aPVa8H6LF6Io4AnesFUoOo3I=,jhznR0J001WKDa20vGeSLCM0cIg=
85,159,dk1aPVa8H6LF6Io4AnesFUoOo3I=,RNQpmhJe9vAMRmD6vPBkc6LydZc=
84,151,dk1aPVa8H6LF6Io4AnesFUoOo3I=,jhznR0J001WKDa20vGeSLCM0cIg=
85,151,dk1aPVa8H6LF6Io4AnesFUoOo3I=,jhznR0J001WKDa20vGeSLCM0cIg=
82,159,dk1aPVa8H6LF6Io4AnesFUoOo3I=,RNQpmhJe9vAMRmD6vPBkc6LydZc=
84,159,dk1aPVa8H6LF6Io4AnesFUoOo3I=,RNQpmhJe9vAMRmD6vPBkc6LydZc=
83,159,dk1aPVa8H6LF6Io4AnesFUoOo3I=,RNQpmhJe9vAMRmD6vPBkc6LydZc=
82,151,dk1aPVa8H6LF6Io4AnesFUoOo3I=,jhznR0J001WKDa20vGeSLCM0cIg=
80,159,dk1aPVa8H6LF6Io4AnesFUoOo3I=,RNQpmhJe9vAMRmD6vPBkc6LydZc=
81,159,dk1aPVa8H6LF6Io4AnesFUoOo3I=,RNQpmhJe9vAMRmD6vPBkc6LydZc=
87,158,dk1aPVa8H6LF6Io4AnesFUoOo3I=,RNQpmhJe9vAMRmD6vPBkc6LydZc=
86,158,dk1aPVa8H6LF6Io4AnesFUoOo3I=,RNQpmhJe9vAMRmD6vPBkc6LydZc=
83,151,dk1aPVa8H6LF6Io4AnesFUoOo3I=,jhznR0J001WKDa20vGeSLCM0cIg=
