6,3,raXpkUgAj3dZ2fr/MTuDKfDFW1U=,A6FsEpv2QBWnKAlqo4369XPP31E=
5,2,raXpkUgAj3dZ2fr/MTuDKfDFW1U=,A6FsEpv2QBWnKAlqo4369XPP31E=
5,1,raXpkUgAj3dZ2fr/MTuDKfDFW1U=,A6FsEpv2QBWnKAlqo4369XPP31E=
6,1,raXpkUgAj3dZ2fr/MTuDKfDFW1U=,A6FsEpv2QBWnKAlqo4369XPP31E=
6,2,raXpkUgAj3dZ2fr/MTuDKfDFW1U=,A6FsEpv2QBWnKAlqo4369XPP31E=
5,3,raXpkUgAj3dZ2fr/MTuDKfDFW1U=,A6FsEpv2QBWnKAlqo4369XPP31E=
6,0,raXpkUgAj3dZ2fr/MTuDKfDFW1U=,A6FsEpv2QBWnKAlqo4369XPP31E=
5,0,raXpkUgAj3dZ2fr/MTuDKfDFW1U=,A6FsEpv2QBWnKAlqo4369XPP31E=
2,5,raXpkUgAj3dZ2fr/MTuDKfDFW1U=,8NmT1xTvIZSk//edvcj98NszDOI=
1,5,raXpkUgAj3dZ2fr/MTuDKfDFW1U=,8NmT1xTvIZSk//edvcj98NszDOI=
2,6,raXpkUgAj3dZ2fr/MTuDKfDFW1U=,8NmT1xTvIZSk//edvcj98NszDOI=
3,6,raXpkUgAj3dZ2fr/MTuDKfDFW1U=,8NmT1xTvIZSk//edvcj98NszDOI=
1,6,raXpkUgAj3dZ2fr/MTuDKfDFW1U=,8NmT1xTvIZSk//edvcj98NszDOI=
3,5,raXpkUgAj3dZ2fr/MTuDKfDFW1U=,8NmT1xTvIZSk//edvcj98NszDOI=
0,5,0a8fkCbOUG9FTEBlwU4Shj0emcQ=,8NmT1xTvIZSk//edvcj98NszDOI=
0,6,0a8fkCbOUG9FTEBlwU4Shj0emcQ=,8NmT1xTvIZSk//edvcj98NszDOI=
1,7,0a8fkCbOUG9FTEBlwU4Shj0emcQ=,8NmT1xTvIZSk//edvcj98NszDOI=
2,7,0a8fkCbOUG9FTEBlwU4Shj0emcQ=,8NmT1xTvIZSk//edvcj98NszDOI=
7,0,0a8fkCbOUG9FTEBlwU4Shj0emcQ=,A6FsEpv2QBWnKAlqo4369XPP31E=
7,2,0a8fkCbOUG9FTEBlwU4Shj0emcQ=,A6FsEpv2QBWnKAlqo4369XPP31E=
7,1,0a8fkCbOUG9FTEBlwU4Shj0emcQ=,A6FsEpv2QBWnKAlqo4369XPP31E=
3,7,0a8fkCbOUG9FTEBlwU4Shj0emcQ=,8NmT1xTvIZSk//edvcj98NszDOI=
0,7,0a8fkCbOUG9FTEBlwU4Shj0emcQ=,8NmT1xTvIZSk//edvcj98NszDOI=
7,3,0a8fkCbOUG9FTEBlwU4Shj0emcQ=,A6FsEpv2QBWnKAlqo4369XPP31E=
4,2,0a8fkCbOUG9FTEBlwU4Shj0emcQ=,A6FsEpv2QBWnKAlqo4369XPP31E=
4,3,0a8fkCbOUG9FTEBlwU4Shj0emcQ=,A6FsEpv2QBWnKAlqo4369XPP31E=
4,0,0a8fkCbOUG9FTEBlwU4Shj0emcQ=,A6FsEpv2QBWnKAlqo4369XPP31E=
4,1,0a8fkCbOUG9FTEBlwU4Shj0emcQ=,A6FsEpv2QBWnKAlqo4369XPP31E=
3,2,0a8fkCbOUG9FTEBlwU4Shj0emcQ=,jYZCzgTbM876waaRhO9PgvND8G0=
2,2,0a8fkCbOUG9FTEBlwU4Shj0emcQ=,jYZCzgTbM876waaRhO9PgvND8G0=
3,1,0a8fkCbOUG9FTEBlwU4Shj0emcQ=,jYZCzgTbM876waaRhO9PgvND8G0=
3,4,0a8fkCbOUG9FTEBlwU4Shj0emcQ=,8NmT1xTvIZSk//edvcj98NszDOI=
3,3,0a8fkCbOUG9FTEBlwU4Shj0emcQ=,jYZCzgTbM876waaRhO9PgvND8G0=
2,3,0a8fkCbOUG9FTEBlwU4Shj0emcQ=,jYZCzgTbM876waaRhO9PgvND8G0=
2,4,0a8fkCbOUG9FTEBlwU4Shj0emcQ=,8NmT1xTvIZSk//edvcj98NszDOI=
1,4,0a8fkCbOUG9FTEBlwU4Shj0emcQ=,8NmT1xTvIZSk//edvcj98NszDOI=
2,1,0a8fkCbOUG9FTEBlwU4Shj0emcQ=,jYZCzgTbM876waaRhO9PgvND8G0=
0,4,0a8fkCbOUG9FTEBlwU4Shj0emcQ=,8NmT1xTvIZSk//edvcj98NszDOI=
1,3,0a8fkCbOUG9FTEBlwU4Shj0emcQ=,jYZCzgTbM876waaRhO9PgvND8G0=
0,3,0a8fkCbOUG9FTEBlwU4Shj0emcQ=,jYZCzgTbM876waaRhO9PgvND8G0=
1,2,0a8fkCbOUG9FTEBlwU4Shj0emcQ=,jYZCzgTbM876waaRhO9PgvND8G0=
1,1,0a8fkCbOUG9FTEBlwU4Shj0emcQ=,jYZCzgTbM876waaRhO9PgvND8G0=
3,0,0a8fkCbOUG9FTEBlwU4Shj0emcQ=,jYZCzgTbM876waaRhO9PgvND8G0=
0,2,0a8fkCbOUG9FTEBlwU4Shj0emcQ=,jYZCzgTbM876waaRhO9PgvND8G0=
1,0,0a8fkCbOUG9FTEBlwU4Shj0emcQ=,jYZCzgTbM876waaRhO9PgvND8G0=
0,0,0a8fkCbOUG9FTEBlwU4Shj0emcQ=,jYZCzgTbM876waaRhO9PgvND8G0=
2,0,0a8fkCbOUG9FTEBlwU4Shj0emcQ=,jYZCzgTbM876waaRhO9PgvND8G0=
0,1,0a8fkCbOUG9FTEBlwU4Shj0emcQ=,jYZCzgTbM876waaRhO9PgvND8G0=
